timestamp,code,name,status,latency_ms,success,error
2026-08-11T16:06:31.868022,SOQ,Bandung 10,409,371.53,False,"{""success"":false,""message"":""Station code already exists"",""error"":{""code"":""STATION_CODE_EXISTS""},""path"":""/api/v1/stations"",""timestamp"":""2026-08-11T09:06:32.237Z""}"
2026-08-11T16:06:32.240041,BJM,Semarang Poncol 11,409,10.47,False,"{""success"":false,""message"":""Station code already exists"",""error"":{""code"":""STATION_CODE_EXISTS""},""path"":""/api/v1/stations"",""timestamp"":""2026-08-11T09:06:32.249Z""}"
2026-08-11T16:06:32.250724,KDR,Jatinegara 12,409,10.53,False,"{""success"":false,""message"":""Station code already exists"",""error"":{""code"":""STATION_CODE_EXISTS""},""path"":""/api/v1/stations"",""timestamp"":""2026-08-11T09:06:32.260Z""}"
2026-08-11T16:06:32.261465,SKA,Pasar Senen 13,409,10.72,False,"{""success"":false,""message"":""Station code already exists"",""error"":{""code"":""STATION_CODE_EXISTS""},""path"":""/api/v1/stations"",""timestamp"":""2026-08-11T09:06:32.270Z""}"
2026-08-11T16:06:32.272533,BAB,Jayapura 14,409,9.59,False,"{""success"":false,""message"":""Station code already exists"",""error"":{""code"":""STATION_CODE_EXISTS""},""path"":""/api/v1/stations"",""timestamp"":""2026-08-11T09:06:32.281Z""}"
2026-08-11T16:06:32.282322,SAA,Bekasi 15,409,8.47,False,"{""success"":false,""message"":""Station code already exists"",""error"":{""code"":""STATION_CODE_EXISTS""},""path"":""/api/v1/stations"",""timestamp"":""2026-08-11T09:06:32.289Z""}"
2026-08-11T16:06:32.290968,BAC,Surabaya Pasar Turi 16,409,8.13,False,"{""success"":false,""message"":""Station code already exists"",""error"":{""code"":""STATION_CODE_EXISTS""},""path"":""/api/v1/stations"",""timestamp"":""2026-08-11T09:06:32.297Z""}"
2026-08-11T16:06:32.299282,PKY,Denpasar 17,409,8.77,False,"{""success"":false,""message"":""Station code already exists"",""error"":{""code"":""STATION_CODE_EXISTS""},""path"":""/api/v1/stations"",""timestamp"":""2026-08-11T09:06:32.307Z""}"
2026-08-11T16:06:32.308219,BPN,Ketapang 18,201,16.91,True,
2026-08-11T16:06:31.867805,SMD,Surabaya Pasar Turi 7,409,463.9,False,"{""success"":false,""message"":""Station code already exists"",""error"":{""code"":""STATION_CODE_EXISTS""},""path"":""/api/v1/stations"",""timestamp"":""2026-08-11T09:06:32.330Z""}"
2026-08-11T16:06:32.325410,SAB,Jatinegara 19,409,13.83,False,"{""success"":false,""message"":""Station code already exists"",""error"":{""code"":""STATION_CODE_EXISTS""},""path"":""/api/v1/stations"",""timestamp"":""2026-08-11T09:06:32.338Z""}"
2026-08-11T16:06:32.331949,BAD,Pontianak 20,409,12.58,False,"{""success"":false,""message"":""Station code already exists"",""error"":{""code"":""STATION_CODE_EXISTS""},""path"":""/api/v1/stations"",""timestamp"":""2026-08-11T09:06:32.343Z""}"
2026-08-11T16:06:32.339450,DJJ,Mataram 21,409,9.53,False,"{""success"":false,""message"":""Station code already exists"",""error"":{""code"":""STATION_CODE_EXISTS""},""path"":""/api/v1/stations"",""timestamp"":""2026-08-11T09:06:32.347Z""}"
2026-08-11T16:06:32.344719,MTR,Balikpapan 22,409,11.05,False,"{""success"":false,""message"":""Station code already exists"",""error"":{""code"":""STATION_CODE_EXISTS""},""path"":""/api/v1/stations"",""timestamp"":""2026-08-11T09:06:32.354Z""}"
2026-08-11T16:06:32.349160,SKB,Bekasi 23,409,11.68,False,"{""success"":false,""message"":""Station code already exists"",""error"":{""code"":""STATION_CODE_EXISTS""},""path"":""/api/v1/stations"",""timestamp"":""2026-08-11T09:06:32.359Z""}"
2026-08-11T16:06:32.355937,YK,Semarang Poncol 24,409,12.67,False,"{""success"":false,""message"":""Station code already exists"",""error"":{""code"":""STATION_CODE_EXISTS""},""path"":""/api/v1/stations"",""timestamp"":""2026-08-11T09:06:32.367Z""}"
2026-08-11T16:06:32.361100,JKT,Surabaya Pasar Turi 25,409,14.74,False,"{""success"":false,""message"":""Station code already exists"",""error"":{""code"":""STATION_CODE_EXISTS""},""path"":""/api/v1/stations"",""timestamp"":""2026-08-11T09:06:32.374Z""}"
2026-08-11T16:06:32.368826,SAC,Cirebon 26,409,17.1,False,"{""success"":false,""message"":""Station code already exists"",""error"":{""code"":""STATION_CODE_EXISTS""},""path"":""/api/v1/stations"",""timestamp"":""2026-08-11T09:06:32.384Z""}"
2026-08-11T16:06:32.375992,SAD,Mataram 27,409,15.31,False,"{""success"":false,""message"":""Station code already exists"",""error"":{""code"":""STATION_CODE_EXISTS""},""path"":""/api/v1/stations"",""timestamp"":""2026-08-11T09:06:32.390Z""}"
2026-08-11T16:06:31.867960,BAA,Manado 9,409,557.2,False,"{""success"":false,""message"":""Station code already exists"",""error"":{""code"":""STATION_CODE_EXISTS""},""path"":""/api/v1/stations"",""timestamp"":""2026-08-11T09:06:32.391Z""}"
2026-08-11T16:06:32.386140,PKL,Cirebon 28,409,39.41,False,"{""success"":false,""message"":""Station code already exists"",""error"":{""code"":""STATION_CODE_EXISTS""},""path"":""/api/v1/stations"",""timestamp"":""2026-08-11T09:06:32.394Z""}"
2026-08-11T16:06:31.867560,TGL,Bandung 4,409,558.25,False,"{""success"":false,""message"":""Station code already exists"",""error"":{""code"":""STATION_CODE_EXISTS""},""path"":""/api/v1/stations"",""timestamp"":""2026-08-11T09:06:32.395Z""}"
2026-08-11T16:06:32.423900,JMR,Manggarai 29,409,30.21,False,"{""success"":false,""message"":""Station code already exists"",""error"":{""code"":""STATION_CODE_EXISTS""},""path"":""/api/v1/stations"",""timestamp"":""2026-08-11T09:06:32.452Z""}"
2026-08-11T16:06:32.426037,DAA,Surabaya Pasar Turi 30,409,29.41,False,"{""success"":false,""message"":""Station code already exists"",""error"":{""code"":""STATION_CODE_EXISTS""},""path"":""/api/v1/stations"",""timestamp"":""2026-08-11T09:06:32.453Z""}"
2026-08-11T16:06:32.426785,YAA,Manado 31,409,32.71,False,"{""success"":false,""message"":""Station code already exists"",""error"":{""code"":""STATION_CODE_EXISTS""},""path"":""/api/v1/stations"",""timestamp"":""2026-08-11T09:06:32.458Z""}"
2026-08-11T16:06:32.427316,TSM,Semarang Poncol 32,409,44.44,False,"{""success"":false,""message"":""Station code already exists"",""error"":{""code"":""STATION_CODE_EXISTS""},""path"":""/api/v1/stations"",""timestamp"":""2026-08-11T09:06:32.470Z""}"
2026-08-11T16:06:32.454397,SAE,Gambir 33,409,20.8,False,"{""success"":false,""message"":""Station code already exists"",""error"":{""code"":""STATION_CODE_EXISTS""},""path"":""/api/v1/stations"",""timestamp"":""2026-08-11T09:06:32.474Z""}"
2026-08-11T16:06:32.455651,BAE,Kiaracondong 34,409,24.55,False,"{""success"":false,""message"":""Station code already exists"",""error"":{""code"":""STATION_CODE_EXISTS""},""path"":""/api/v1/stations"",""timestamp"":""2026-08-11T09:06:32.479Z""}"
2026-08-11T16:06:31.867885,BJB,Jember 8,409,617.45,False,"{""success"":false,""message"":""Station code already exists"",""error"":{""code"":""STATION_CODE_EXISTS""},""path"":""/api/v1/stations"",""timestamp"":""2026-08-11T09:06:32.484Z""}"
2026-08-11T16:06:32.459774,SAF,Ketapang 35,409,30.26,False,"{""success"":false,""message"":""Station code already exists"",""error"":{""code"":""STATION_CODE_EXISTS""},""path"":""/api/v1/stations"",""timestamp"":""2026-08-11T09:06:32.488Z""}"
2026-08-11T16:06:32.475419,DAB,Cirebon 37,409,22.25,False,"{""success"":false,""message"":""Station code already exists"",""error"":{""code"":""STATION_CODE_EXISTS""},""path"":""/api/v1/stations"",""timestamp"":""2026-08-11T09:06:32.496Z""}"
2026-08-11T16:06:32.471963,PAA,Madiun 36,409,28.45,False,"{""success"":false,""message"":""Station code already exists"",""error"":{""code"":""STATION_CODE_EXISTS""},""path"":""/api/v1/stations"",""timestamp"":""2026-08-11T09:06:32.499Z""}"
2026-08-11T16:06:32.480451,MDC,Surabaya Gubeng 38,409,25.1,False,"{""success"":false,""message"":""Station code already exists"",""error"":{""code"":""STATION_CODE_EXISTS""},""path"":""/api/v1/stations"",""timestamp"":""2026-08-11T09:06:32.504Z""}"
2026-08-11T16:06:32.485584,DPK,Cirebon 39,409,37.36,False,"{""success"":false,""message"":""Station code already exists"",""error"":{""code"":""STATION_CODE_EXISTS""},""path"":""/api/v1/stations"",""timestamp"":""2026-08-11T09:06:32.521Z""}"
2026-08-11T16:06:32.497853,SAG,Solo Balapan 41,409,31.85,False,"{""success"":false,""message"":""Station code already exists"",""error"":{""code"":""STATION_CODE_EXISTS""},""path"":""/api/v1/stations"",""timestamp"":""2026-08-11T09:06:32.528Z""}"
2026-08-11T16:06:32.490279,KDI,Cirebon 40,409,44.38,False,"{""success"":false,""message"":""Station code already exists"",""error"":{""code"":""STATION_CODE_EXISTS""},""path"":""/api/v1/stations"",""timestamp"":""2026-08-11T09:06:32.532Z""}"
2026-08-11T16:06:32.500614,MAA,Banjarmasin 42,409,41.22,False,"{""success"":false,""message"":""Station code already exists"",""error"":{""code"":""STATION_CODE_EXISTS""},""path"":""/api/v1/stations"",""timestamp"":""2026-08-11T09:06:32.540Z""}"
2026-08-11T16:06:32.505740,MLG,Lempuyangan 43,409,52.58,False,"{""success"":false,""message"":""Station code already exists"",""error"":{""code"":""STATION_CODE_EXISTS""},""path"":""/api/v1/stations"",""timestamp"":""2026-08-11T09:06:32.556Z""}"
2026-08-11T16:06:32.530019,DAC,Semarang Poncol 45,409,35.96,False,"{""success"":false,""message"":""Station code already exists"",""error"":{""code"":""STATION_CODE_EXISTS""},""path"":""/api/v1/stations"",""timestamp"":""2026-08-11T09:06:32.564Z""}"
2026-08-11T16:06:32.523247,PAB,Banyuwangi 44,409,43.89,False,"{""success"":false,""message"":""Station code already exists"",""error"":{""code"":""STATION_CODE_EXISTS""},""path"":""/api/v1/stations"",""timestamp"":""2026-08-11T09:06:32.565Z""}"
2026-08-11T16:06:32.534957,GTO,Kiaracondong 46,409,42.74,False,"{""success"":false,""message"":""Station code already exists"",""error"":{""code"":""STATION_CODE_EXISTS""},""path"":""/api/v1/stations"",""timestamp"":""2026-08-11T09:06:32.576Z""}"
2026-08-11T16:06:32.558907,DAD,Lempuyangan 48,409,30.71,False,"{""success"":false,""message"":""Station code already exists"",""error"":{""code"":""STATION_CODE_EXISTS""},""path"":""/api/v1/stations"",""timestamp"":""2026-08-11T09:06:32.588Z""}"
2026-08-11T16:06:32.542188,CN,Kiaracondong 47,409,51.72,False,"{""success"":false,""message"":""Station code already exists"",""error"":{""code"":""STATION_CODE_EXISTS""},""path"":""/api/v1/stations"",""timestamp"":""2026-08-11T09:06:32.591Z""}"
2026-08-11T16:06:32.566308,JAA,Lempuyangan 49,409,39.89,False,"{""success"":false,""message"":""Station code already exists"",""error"":{""code"":""STATION_CODE_EXISTS""},""path"":""/api/v1/stations"",""timestamp"":""2026-08-11T09:06:32.604Z""}"
2026-08-11T16:06:32.567380,TAA,Makassar 50,409,56.62,False,"{""success"":false,""message"":""Station code already exists"",""error"":{""code"":""STATION_CODE_EXISTS""},""path"":""/api/v1/stations"",""timestamp"":""2026-08-11T09:06:32.622Z""}"
2026-08-11T16:06:31.867438,BGR,Solo Balapan 3,409,761.16,False,"{""success"":false,""message"":""Station code already exists"",""error"":{""code"":""STATION_CODE_EXISTS""},""path"":""/api/v1/stations"",""timestamp"":""2026-08-11T09:06:32.626Z""}"
2026-08-11T16:06:32.589979,BAF,Jember 52,409,46.13,False,"{""success"":false,""message"":""Station code already exists"",""error"":{""code"":""STATION_CODE_EXISTS""},""path"":""/api/v1/stations"",""timestamp"":""2026-08-11T09:06:32.634Z""}"
2026-08-11T16:06:32.577912,SAH,Balikpapan 51,409,60.16,False,"{""success"":false,""message"":""Station code already exists"",""error"":{""code"":""STATION_CODE_EXISTS""},""path"":""/api/v1/stations"",""timestamp"":""2026-08-11T09:06:32.636Z""}"
2026-08-11T16:06:32.594249,PLW,Bekasi 53,409,61.65,False,"{""success"":false,""message"":""Station code already exists"",""error"":{""code"":""STATION_CODE_EXISTS""},""path"":""/api/v1/stations"",""timestamp"":""2026-08-11T09:06:32.654Z""}"
2026-08-11T16:06:32.624305,YAB,Jatinegara 55,409,43.92,False,"{""success"":false,""message"":""Station code already exists"",""error"":{""code"":""STATION_CODE_EXISTS""},""path"":""/api/v1/stations"",""timestamp"":""2026-08-11T09:06:32.666Z""}"
2026-08-11T16:06:32.606568,PAC,Samarinda 54,409,65.92,False,"{""success"":false,""message"":""Station code already exists"",""error"":{""code"":""STATION_CODE_EXISTS""},""path"":""/api/v1/stations"",""timestamp"":""2026-08-11T09:06:32.670Z""}"
2026-08-11T16:06:32.636688,MDN,Banjarmasin 57,409,48.67,False,"{""success"":false,""message"":""Station code already exists"",""error"":{""code"":""STATION_CODE_EXISTS""},""path"":""/api/v1/stations"",""timestamp"":""2026-08-11T09:06:32.683Z""}"
2026-08-11T16:06:32.628894,MAB,Banyuwangi 56,409,58.61,False,"{""success"":false,""message"":""Station code already exists"",""error"":{""code"":""STATION_CODE_EXISTS""},""path"":""/api/v1/stations"",""timestamp"":""2026-08-11T09:06:32.685Z""}"
2026-08-11T16:06:32.638520,KOE,Surabaya Gubeng 58,409,65.1,False,"{""success"":false,""message"":""Station code already exists"",""error"":{""code"":""STATION_CODE_EXISTS""},""path"":""/api/v1/stations"",""timestamp"":""2026-08-11T09:06:32.701Z""}"
2026-08-11T16:06:32.668565,BDG,Surabaya Pasar Turi 60,409,48.47,False,"{""success"":false,""message"":""Station code already exists"",""error"":{""code"":""STATION_CODE_EXISTS""},""path"":""/api/v1/stations"",""timestamp"":""2026-08-11T09:06:32.715Z""}"
2026-08-11T16:06:32.656333,PAD,Bogor 59,409,64.06,False,"{""success"":false,""message"":""Station code already exists"",""error"":{""code"":""STATION_CODE_EXISTS""},""path"":""/api/v1/stations"",""timestamp"":""2026-08-11T09:06:32.718Z""}"
2026-08-11T16:06:32.685751,SAI,Semarang Poncol 62,409,45.37,False,"{""success"":false,""message"":""Station code already exists"",""error"":{""code"":""STATION_CODE_EXISTS""},""path"":""/api/v1/stations"",""timestamp"":""2026-08-11T09:06:32.729Z""}"
2026-08-11T16:06:32.703949,CAA,Yogyakarta 64,409,52.09,False,"{""success"":false,""message"":""Station code already exists"",""error"":{""code"":""STATION_CODE_EXISTS""},""path"":""/api/v1/stations"",""timestamp"":""2026-08-11T09:06:32.754Z""}"
2026-08-11T16:06:32.687866,BAG,Bogor 63,409,71.98,False,"{""success"":false,""message"":""Station code already exists"",""error"":{""code"":""STATION_CODE_EXISTS""},""path"":""/api/v1/stations"",""timestamp"":""2026-08-11T09:06:32.758Z""}"
2026-08-11T16:06:31.867729,AMQ,Manado 6,409,898.16,False,"{""success"":false,""message"":""Station code already exists"",""error"":{""code"":""STATION_CODE_EXISTS""},""path"":""/api/v1/stations"",""timestamp"":""2026-08-11T09:06:32.764Z""}"
2026-08-11T16:06:32.717399,SAJ,Cirebon 65,409,50.89,False,"{""success"":false,""message"":""Station code already exists"",""error"":{""code"":""STATION_CODE_EXISTS""},""path"":""/api/v1/stations"",""timestamp"":""2026-08-11T09:06:32.766Z""}"
2026-08-11T16:06:32.672988,PAE,Balikpapan 61,201,97.44,True,
2026-08-11T16:06:32.731665,BAH,Jember 67,409,63.35,False,"{""success"":false,""message"":""Station code already exists"",""error"":{""code"":""STATION_CODE_EXISTS""},""path"":""/api/v1/stations"",""timestamp"":""2026-08-11T09:06:32.793Z""}"
2026-08-11T16:06:32.720745,MAC,Manggarai 66,409,75.98,False,"{""success"":false,""message"":""Station code already exists"",""error"":{""code"":""STATION_CODE_EXISTS""},""path"":""/api/v1/stations"",""timestamp"":""2026-08-11T09:06:32.795Z""}"
2026-08-11T16:06:32.756442,MAD,Makassar 68,409,60.2,False,"{""success"":false,""message"":""Station code already exists"",""error"":{""code"":""STATION_CODE_EXISTS""},""path"":""/api/v1/stations"",""timestamp"":""2026-08-11T09:06:32.814Z""}"
2026-08-11T16:06:32.768606,TRK,Bekasi 71,409,71.89,False,"{""success"":false,""message"":""Station code already exists"",""error"":{""code"":""STATION_CODE_EXISTS""},""path"":""/api/v1/stations"",""timestamp"":""2026-08-11T09:06:32.838Z""}"
2026-08-11T16:06:32.766222,MAE,Balikpapan 70,409,76.02,False,"{""success"":false,""message"":""Station code already exists"",""error"":{""code"":""STATION_CODE_EXISTS""},""path"":""/api/v1/stations"",""timestamp"":""2026-08-11T09:06:32.840Z""}"
2026-08-11T16:06:32.795438,MKS,Yogyakarta 73,409,59.28,False,"{""success"":false,""message"":""Station code already exists"",""error"":{""code"":""STATION_CODE_EXISTS""},""path"":""/api/v1/stations"",""timestamp"":""2026-08-11T09:06:32.852Z""}"
2026-08-11T16:06:32.760201,CAB,Madiun 69,201,114.59,True,
2026-08-11T16:06:32.797052,DPS,Surabaya Gubeng 74,409,81.3,False,"{""success"":false,""message"":""Station code already exists"",""error"":{""code"":""STATION_CODE_EXISTS""},""path"":""/api/v1/stations"",""timestamp"":""2026-08-11T09:06:32.876Z""}"
2026-08-11T16:06:32.772850,SAK,Bogor 72,201,124.72,True,
2026-08-11T16:06:32.817316,TAB,Banyuwangi 75,409,84.35,False,"{""success"":false,""message"":""Station code already exists"",""error"":{""code"":""STATION_CODE_EXISTS""},""path"":""/api/v1/stations"",""timestamp"":""2026-08-11T09:06:32.899Z""}"
2026-08-11T16:06:32.842587,BAI,Yogyakarta 77,409,93.48,False,"{""success"":false,""message"":""Station code already exists"",""error"":{""code"":""STATION_CODE_EXISTS""},""path"":""/api/v1/stations"",""timestamp"":""2026-08-11T09:06:32.933Z""}"
2026-08-11T16:06:32.840906,SAL,Cimahi 76,201,119.29,True,
2026-08-11T16:06:32.875097,TAC,Solo Balapan 79,409,93.29,False,"{""success"":false,""message"":""Station code already exists"",""error"":{""code"":""STATION_CODE_EXISTS""},""path"":""/api/v1/stations"",""timestamp"":""2026-08-11T09:06:32.966Z""}"
2026-08-11T16:06:32.855115,DAE,Jayapura 78,201,133.87,True,
2026-08-11T16:06:32.898032,MAF,Jatinegara 81,409,93.08,False,"{""success"":false,""message"":""Station code already exists"",""error"":{""code"":""STATION_CODE_EXISTS""},""path"":""/api/v1/stations"",""timestamp"":""2026-08-11T09:06:32.989Z""}"
2026-08-11T16:06:31.867138,PNK,Surabaya Pasar Turi 2,201,1126.42,True,
2026-08-11T16:06:32.879266,BKS,Bogor 80,409,117.8,False,"{""success"":false,""message"":""Station code already exists"",""error"":{""code"":""STATION_CODE_EXISTS""},""path"":""/api/v1/stations"",""timestamp"":""2026-08-11T09:06:32.994Z""}"
2026-08-11T16:06:32.901981,JAB,Kiaracondong 82,409,136.02,False,"{""success"":false,""message"":""Station code already exists"",""error"":{""code"":""STATION_CODE_EXISTS""},""path"":""/api/v1/stations"",""timestamp"":""2026-08-11T09:06:33.035Z""}"
2026-08-11T16:06:32.936753,BAJ,Banjarmasin 83,409,135.01,False,"{""success"":false,""message"":""Station code already exists"",""error"":{""code"":""STATION_CODE_EXISTS""},""path"":""/api/v1/stations"",""timestamp"":""2026-08-11T09:06:33.069Z""}"
2026-08-11T16:06:32.968871,BAK,Surabaya Gubeng 85,409,126.0,False,"{""success"":false,""message"":""Station code already exists"",""error"":{""code"":""STATION_CODE_EXISTS""},""path"":""/api/v1/stations"",""timestamp"":""2026-08-11T09:06:33.092Z""}"
2026-08-11T16:06:32.991715,MAG,Bekasi 87,409,105.03,False,"{""success"":false,""message"":""Station code already exists"",""error"":{""code"":""STATION_CODE_EXISTS""},""path"":""/api/v1/stations"",""timestamp"":""2026-08-11T09:06:33.094Z""}"
2026-08-11T16:06:32.960771,PAF,Malang 84,201,145.38,True,
2026-08-11T16:06:33.038623,JAC,Jember 90,409,71.26,False,"{""success"":false,""message"":""Station code already exists"",""error"":{""code"":""STATION_CODE_EXISTS""},""path"":""/api/v1/stations"",""timestamp"":""2026-08-11T09:06:33.108Z""}"
2026-08-11T16:06:31.867648,MGL,Yogyakarta 5,409,1248.78,False,"{""success"":false,""message"":""Station code already exists"",""error"":{""code"":""STATION_CODE_EXISTS""},""path"":""/api/v1/stations"",""timestamp"":""2026-08-11T09:06:33.112Z""}"
2026-08-11T16:06:32.993998,BAL,Balikpapan 88,409,124.3,False,"{""success"":false,""message"":""Station code already exists"",""error"":{""code"":""STATION_CODE_EXISTS""},""path"":""/api/v1/stations"",""timestamp"":""2026-08-11T09:06:33.114Z""}"
2026-08-11T16:06:32.989639,DAF,Samarinda 86,201,143.64,True,
2026-08-11T16:06:32.997487,PAG,Pontianak 89,201,172.75,True,
2026-08-11T16:06:33.095271,TAD,Surabaya Gubeng 92,409,77.31,False,"{""success"":false,""message"":""Station code already exists"",""error"":{""code"":""STATION_CODE_EXISTS""},""path"":""/api/v1/stations"",""timestamp"":""2026-08-11T09:06:33.170Z""}"
2026-08-11T16:06:33.072328,KAA,Samarinda 91,409,102.74,False,"{""success"":false,""message"":""Station code already exists"",""error"":{""code"":""STATION_CODE_EXISTS""},""path"":""/api/v1/stations"",""timestamp"":""2026-08-11T09:06:33.172Z""}"
2026-08-11T16:06:33.106609,MAH,Yogyakarta 94,409,97.66,False,"{""success"":false,""message"":""Station code already exists"",""error"":{""code"":""STATION_CODE_EXISTS""},""path"":""/api/v1/stations"",""timestamp"":""2026-08-11T09:06:33.201Z""}"
2026-08-11T16:06:31.851220,BWX,Bogor 1,409,1358.9,False,"{""success"":false,""message"":""Station code already exists"",""error"":{""code"":""STATION_CODE_EXISTS""},""path"":""/api/v1/stations"",""timestamp"":""2026-08-11T09:06:33.207Z""}"
2026-08-11T16:06:33.097333,KAB,Surabaya Gubeng 93,409,114.71,False,"{""success"":false,""message"":""Station code already exists"",""error"":{""code"":""STATION_CODE_EXISTS""},""path"":""/api/v1/stations"",""timestamp"":""2026-08-11T09:06:33.209Z""}"
2026-08-11T16:06:33.114905,TAE,Semarang Tawang 95,409,99.01,False,"{""success"":false,""message"":""Station code already exists"",""error"":{""code"":""STATION_CODE_EXISTS""},""path"":""/api/v1/stations"",""timestamp"":""2026-08-11T09:06:33.211Z""}"
2026-08-11T16:06:33.175484,MAJ,Gambir 101,429,53.53,False,"{""success"":false,""message"":""ThrottlerException: Too Many Requests"",""error"":{""code"":""TOO_MANY_REQUESTS""},""path"":""/api/v1/stations"",""timestamp"":""2026-08-11T09:06:33.227Z""}"
2026-08-11T16:06:33.118709,MAI,Madiun 97,409,121.78,False,"{""success"":false,""message"":""Station code already exists"",""error"":{""code"":""STATION_CODE_EXISTS""},""path"":""/api/v1/stations"",""timestamp"":""2026-08-11T09:06:33.238Z""}"
2026-08-11T16:06:33.116936,BAM,Ketapang 96,409,125.76,False,"{""success"":false,""message"":""Station code already exists"",""error"":{""code"":""STATION_CODE_EXISTS""},""path"":""/api/v1/stations"",""timestamp"":""2026-08-11T09:06:33.240Z""}"
2026-08-11T16:06:33.205036,SAN,Pontianak 102,429,40.64,False,"{""success"":false,""message"":""ThrottlerException: Too Many Requests"",""error"":{""code"":""TOO_MANY_REQUESTS""},""path"":""/api/v1/stations"",""timestamp"":""2026-08-11T09:06:33.243Z""}"
2026-08-11T16:06:33.210640,SAO,Cirebon 103,429,37.23,False,"{""success"":false,""message"":""ThrottlerException: Too Many Requests"",""error"":{""code"":""TOO_MANY_REQUESTS""},""path"":""/api/v1/stations"",""timestamp"":""2026-08-11T09:06:33.245Z""}"
2026-08-11T16:06:33.212449,TAF,Madiun 104,429,37.85,False,"{""success"":false,""message"":""ThrottlerException: Too Many Requests"",""error"":{""code"":""TOO_MANY_REQUESTS""},""path"":""/api/v1/stations"",""timestamp"":""2026-08-11T09:06:33.247Z""}"
2026-08-11T16:06:33.214390,YAC,Malang 105,429,38.5,False,"{""success"":false,""message"":""ThrottlerException: Too Many Requests"",""error"":{""code"":""TOO_MANY_REQUESTS""},""path"":""/api/v1/stations"",""timestamp"":""2026-08-11T09:06:33.250Z""}"
2026-08-11T16:06:33.246056,BAO,Bogor 109,429,18.97,False,"{""success"":false,""message"":""ThrottlerException: Too Many Requests"",""error"":{""code"":""TOO_MANY_REQUESTS""},""path"":""/api/v1/stations"",""timestamp"":""2026-08-11T09:06:33.262Z""}"
2026-08-11T16:06:33.248942,BAP,Cirebon 110,429,19.11,False,"{""success"":false,""message"":""ThrottlerException: Too Many Requests"",""error"":{""code"":""TOO_MANY_REQUESTS""},""path"":""/api/v1/stations"",""timestamp"":""2026-08-11T09:06:33.265Z""}"
2026-08-11T16:06:33.229491,MAK,Malang 106,429,41.34,False,"{""success"":false,""message"":""ThrottlerException: Too Many Requests"",""error"":{""code"":""TOO_MANY_REQUESTS""},""path"":""/api/v1/stations"",""timestamp"":""2026-08-11T09:06:33.268Z""}"
2026-08-11T16:06:33.240854,KAC,Makassar 107,429,32.37,False,"{""success"":false,""message"":""ThrottlerException: Too Many Requests"",""error"":{""code"":""TOO_MANY_REQUESTS""},""path"":""/api/v1/stations"",""timestamp"":""2026-08-11T09:06:33.271Z""}"
2026-08-11T16:06:33.243392,TAG,Banyuwangi 108,429,31.74,False,"{""success"":false,""message"":""ThrottlerException: Too Many Requests"",""error"":{""code"":""TOO_MANY_REQUESTS""},""path"":""/api/v1/stations"",""timestamp"":""2026-08-11T09:06:33.273Z""}"
2026-08-11T16:06:33.133988,SAM,Malang 98,201,143.3,True,
2026-08-11T16:06:33.265701,BAQ,Banyuwangi 113,429,20.06,False,"{""success"":false,""message"":""ThrottlerException: Too Many Requests"",""error"":{""code"":""TOO_MANY_REQUESTS""},""path"":""/api/v1/stations"",""timestamp"":""2026-08-11T09:06:33.283Z""}"
2026-08-11T16:06:33.268964,TTE,Samarinda 114,429,18.63,False,"{""success"":false,""message"":""ThrottlerException: Too Many Requests"",""error"":{""code"":""TOO_MANY_REQUESTS""},""path"":""/api/v1/stations"",""timestamp"":""2026-08-11T09:06:33.285Z""}"
2026-08-11T16:06:33.271248,TAH,Surabaya Gubeng 115,429,19.3,False,"{""success"":false,""message"":""ThrottlerException: Too Many Requests"",""error"":{""code"":""TOO_MANY_REQUESTS""},""path"":""/api/v1/stations"",""timestamp"":""2026-08-11T09:06:33.288Z""}"
2026-08-11T16:06:33.250815,DAG,Banjarmasin 111,429,43.01,False,"{""success"":false,""message"":""ThrottlerException: Too Many Requests"",""error"":{""code"":""TOO_MANY_REQUESTS""},""path"":""/api/v1/stations"",""timestamp"":""2026-08-11T09:06:33.291Z""}"
2026-08-11T16:06:33.253468,PAH,Semarang Poncol 112,429,42.86,False,"{""success"":false,""message"":""ThrottlerException: Too Many Requests"",""error"":{""code"":""TOO_MANY_REQUESTS""},""path"":""/api/v1/stations"",""timestamp"":""2026-08-11T09:06:33.293Z""}"
2026-08-11T16:06:33.173125,BAN,Cirebon 100,201,125.47,True,
2026-08-11T16:06:33.170817,CAC,Bekasi 99,201,129.79,True,
2026-08-11T16:06:33.286320,BAS,Surabaya Pasar Turi 119,429,17.18,False,"{""success"":false,""message"":""ThrottlerException: Too Many Requests"",""error"":{""code"":""TOO_MANY_REQUESTS""},""path"":""/api/v1/stations"",""timestamp"":""2026-08-11T09:06:33.301Z""}"
2026-08-11T16:06:33.287954,BAT,Mataram 120,429,18.64,False,"{""success"":false,""message"":""ThrottlerException: Too Many Requests"",""error"":{""code"":""TOO_MANY_REQUESTS""},""path"":""/api/v1/stations"",""timestamp"":""2026-08-11T09:06:33.304Z""}"
2026-08-11T16:06:33.291069,PAI,Bandung 121,429,17.83,False,"{""success"":false,""message"":""ThrottlerException: Too Many Requests"",""error"":{""code"":""TOO_MANY_REQUESTS""},""path"":""/api/v1/stations"",""timestamp"":""2026-08-11T09:06:33.306Z""}"
2026-08-11T16:06:33.273748,SAP,Mataram 116,429,38.66,False,"{""success"":false,""message"":""ThrottlerException: Too Many Requests"",""error"":{""code"":""TOO_MANY_REQUESTS""},""path"":""/api/v1/stations"",""timestamp"":""2026-08-11T09:06:33.310Z""}"
2026-08-11T16:06:33.275493,TAI,Mataram 117,429,45.45,False,"{""success"":false,""message"":""ThrottlerException: Too Many Requests"",""error"":{""code"":""TOO_MANY_REQUESTS""},""path"":""/api/v1/stations"",""timestamp"":""2026-08-11T09:06:33.318Z""}"
2026-08-11T16:06:33.278976,BAR,Cimahi 118,429,45.41,False,"{""success"":false,""message"":""ThrottlerException: Too Many Requests"",""error"":{""code"":""TOO_MANY_REQUESTS""},""path"":""/api/v1/stations"",""timestamp"":""2026-08-11T09:06:33.322Z""}"
2026-08-11T16:06:33.304084,MAN,Pontianak 126,429,22.86,False,"{""success"":false,""message"":""ThrottlerException: Too Many Requests"",""error"":{""code"":""TOO_MANY_REQUESTS""},""path"":""/api/v1/stations"",""timestamp"":""2026-08-11T09:06:33.325Z""}"
2026-08-11T16:06:33.307037,MAO,Samarinda 127,429,22.2,False,"{""success"":false,""message"":""ThrottlerException: Too Many Requests"",""error"":{""code"":""TOO_MANY_REQUESTS""},""path"":""/api/v1/stations"",""timestamp"":""2026-08-11T09:06:33.327Z""}"
2026-08-11T16:06:33.309550,DAH,Jatinegara 128,429,22.46,False,"{""success"":false,""message"":""ThrottlerException: Too Many Requests"",""error"":{""code"":""TOO_MANY_REQUESTS""},""path"":""/api/v1/stations"",""timestamp"":""2026-08-11T09:06:33.329Z""}"
2026-08-11T16:06:33.312819,BAU,Samarinda 129,429,20.95,False,"{""success"":false,""message"":""ThrottlerException: Too Many Requests"",""error"":{""code"":""TOO_MANY_REQUESTS""},""path"":""/api/v1/stations"",""timestamp"":""2026-08-11T09:06:33.331Z""}"
2026-08-11T16:06:33.321288,KAD,Balikpapan 130,429,14.35,False,"{""success"":false,""message"":""ThrottlerException: Too Many Requests"",""error"":{""code"":""TOO_MANY_REQUESTS""},""path"":""/api/v1/stations"",""timestamp"":""2026-08-11T09:06:33.333Z""}"
2026-08-11T16:06:33.294652,TAJ,Bandung 122,429,43.13,False,"{""success"":false,""message"":""ThrottlerException: Too Many Requests"",""error"":{""code"":""TOO_MANY_REQUESTS""},""path"":""/api/v1/stations"",""timestamp"":""2026-08-11T09:06:33.335Z""}"
2026-08-11T16:06:33.296977,MAL,Samarinda 123,429,43.93,False,"{""success"":false,""message"":""ThrottlerException: Too Many Requests"",""error"":{""code"":""TOO_MANY_REQUESTS""},""path"":""/api/v1/stations"",""timestamp"":""2026-08-11T09:06:33.338Z""}"
2026-08-11T16:06:33.299036,MAM,Gambir 124,429,44.69,False,"{""success"":false,""message"":""ThrottlerException: Too Many Requests"",""error"":{""code"":""TOO_MANY_REQUESTS""},""path"":""/api/v1/stations"",""timestamp"":""2026-08-11T09:06:33.341Z""}"
2026-08-11T16:06:33.301258,SBY,Semarang Poncol 125,429,45.28,False,"{""success"":false,""message"":""ThrottlerException: Too Many Requests"",""error"":{""code"":""TOO_MANY_REQUESTS""},""path"":""/api/v1/stations"",""timestamp"":""2026-08-11T09:06:33.344Z""}"
2026-08-11T16:06:33.327364,BAV,Solo Balapan 132,429,22.32,False,"{""success"":false,""message"":""ThrottlerException: Too Many Requests"",""error"":{""code"":""TOO_MANY_REQUESTS""},""path"":""/api/v1/stations"",""timestamp"":""2026-08-11T09:06:33.347Z""}"
2026-08-11T16:06:33.329681,YAD,Cimahi 133,429,22.22,False,"{""success"":false,""message"":""ThrottlerException: Too Many Requests"",""error"":{""code"":""TOO_MANY_REQUESTS""},""path"":""/api/v1/stations"",""timestamp"":""2026-08-11T09:06:33.349Z""}"
2026-08-11T16:06:33.332439,PAJ,Cirebon 134,429,23.63,False,"{""success"":false,""message"":""ThrottlerException: Too Many Requests"",""error"":{""code"":""TOO_MANY_REQUESTS""},""path"":""/api/v1/stations"",""timestamp"":""2026-08-11T09:06:33.352Z""}"
2026-08-11T16:06:33.334173,YAE,Pontianak 135,429,24.18,False,"{""success"":false,""message"":""ThrottlerException: Too Many Requests"",""error"":{""code"":""TOO_MANY_REQUESTS""},""path"":""/api/v1/stations"",""timestamp"":""2026-08-11T09:06:33.355Z""}"
2026-08-11T16:06:33.336041,TAL,Jember 136,429,24.53,False,"{""success"":false,""message"":""ThrottlerException: Too Many Requests"",""error"":{""code"":""TOO_MANY_REQUESTS""},""path"":""/api/v1/stations"",""timestamp"":""2026-08-11T09:06:33.358Z""}"
2026-08-11T16:06:33.339683,TAM,Mataram 137,429,24.17,False,"{""success"":false,""message"":""ThrottlerException: Too Many Requests"",""error"":{""code"":""TOO_MANY_REQUESTS""},""path"":""/api/v1/stations"",""timestamp"":""2026-08-11T09:06:33.360Z""}"
2026-08-11T16:06:33.341778,CAD,Madiun 138,429,24.14,False,"{""success"":false,""message"":""ThrottlerException: Too Many Requests"",""error"":{""code"":""TOO_MANY_REQUESTS""},""path"":""/api/v1/stations"",""timestamp"":""2026-08-11T09:06:33.362Z""}"
2026-08-11T16:06:33.324884,TAK,Cimahi 131,429,43.75,False,"{""success"":false,""message"":""ThrottlerException: Too Many Requests"",""error"":{""code"":""TOO_MANY_REQUESTS""},""path"":""/api/v1/stations"",""timestamp"":""2026-08-11T09:06:33.365Z""}"
2026-08-11T16:06:33.350489,MAQ,Denpasar 141,429,26.06,False,"{""success"":false,""message"":""ThrottlerException: Too Many Requests"",""error"":{""code"":""TOO_MANY_REQUESTS""},""path"":""/api/v1/stations"",""timestamp"":""2026-08-11T09:06:33.367Z""}"
2026-08-11T16:06:33.352840,PAK,Yogyakarta 142,429,24.2,False,"{""success"":false,""message"":""ThrottlerException: Too Many Requests"",""error"":{""code"":""TOO_MANY_REQUESTS""},""path"":""/api/v1/stations"",""timestamp"":""2026-08-11T09:06:33.369Z""}"
2026-08-11T16:06:33.356886,BAW,Ketapang 143,429,20.54,False,"{""success"":false,""message"":""ThrottlerException: Too Many Requests"",""error"":{""code"":""TOO_MANY_REQUESTS""},""path"":""/api/v1/stations"",""timestamp"":""2026-08-11T09:06:33.372Z""}"
2026-08-11T16:06:33.358964,BAX,Gambir 144,429,21.84,False,"{""success"":false,""message"":""ThrottlerException: Too Many Requests"",""error"":{""code"":""TOO_MANY_REQUESTS""},""path"":""/api/v1/stations"",""timestamp"":""2026-08-11T09:06:33.374Z""}"
2026-08-11T16:06:33.362429,TAN,Cirebon 145,429,20.12,False,"{""success"":false,""message"":""ThrottlerException: Too Many Requests"",""error"":{""code"":""TOO_MANY_REQUESTS""},""path"":""/api/v1/stations"",""timestamp"":""2026-08-11T09:06:33.377Z""}"
2026-08-11T16:06:33.364537,BAY,Pasar Senen 146,429,19.94,False,"{""success"":false,""message"":""ThrottlerException: Too Many Requests"",""error"":{""code"":""TOO_MANY_REQUESTS""},""path"":""/api/v1/stations"",""timestamp"":""2026-08-11T09:06:33.381Z""}"
2026-08-11T16:06:33.344398,MAP,Ketapang 139,429,44.84,False,"{""success"":false,""message"":""ThrottlerException: Too Many Requests"",""error"":{""code"":""TOO_MANY_REQUESTS""},""path"":""/api/v1/stations"",""timestamp"":""2026-08-11T09:06:33.386Z""}"
2026-08-11T16:06:33.347046,KAE,Jatinegara 140,429,47.08,False,"{""success"":false,""message"":""ThrottlerException: Too Many Requests"",""error"":{""code"":""TOO_MANY_REQUESTS""},""path"":""/api/v1/stations"",""timestamp"":""2026-08-11T09:06:33.391Z""}"
2026-08-11T16:06:33.377795,TAO,Solo Balapan 149,429,19.68,False,"{""success"":false,""message"":""ThrottlerException: Too Many Requests"",""error"":{""code"":""TOO_MANY_REQUESTS""},""path"":""/api/v1/stations"",""timestamp"":""2026-08-11T09:06:33.394Z""}"
2026-08-11T16:06:33.378795,AAA,Surabaya Pasar Turi 150,429,21.59,False,"{""success"":false,""message"":""ThrottlerException: Too Many Requests"",""error"":{""code"":""TOO_MANY_REQUESTS""},""path"":""/api/v1/stations"",""timestamp"":""2026-08-11T09:06:33.397Z""}"
2026-08-11T16:06:33.379622,BAZ,Bandung 151,429,24.13,False,"{""success"":false,""message"":""ThrottlerException: Too Many Requests"",""error"":{""code"":""TOO_MANY_REQUESTS""},""path"":""/api/v1/stations"",""timestamp"":""2026-08-11T09:06:33.401Z""}"
2026-08-11T16:06:33.381542,BBA,Bogor 152,429,27.49,False,"{""success"":false,""message"":""ThrottlerException: Too Many Requests"",""error"":{""code"":""TOO_MANY_REQUESTS""},""path"":""/api/v1/stations"",""timestamp"":""2026-08-11T09:06:33.406Z""}"
2026-08-11T16:06:33.383148,BBB,Denpasar 153,429,32.43,False,"{""success"":false,""message"":""ThrottlerException: Too Many Requests"",""error"":{""code"":""TOO_MANY_REQUESTS""},""path"":""/api/v1/stations"",""timestamp"":""2026-08-11T09:06:33.412Z""}"
2026-08-11T16:06:33.385664,TAP,Semarang Poncol 154,429,33.53,False,"{""success"":false,""message"":""ThrottlerException: Too Many Requests"",""error"":{""code"":""TOO_MANY_REQUESTS""},""path"":""/api/v1/stations"",""timestamp"":""2026-08-11T09:06:33.416Z""}"
2026-08-11T16:06:33.389715,PAL,Makassar 155,429,33.44,False,"{""success"":false,""message"":""ThrottlerException: Too Many Requests"",""error"":{""code"":""TOO_MANY_REQUESTS""},""path"":""/api/v1/stations"",""timestamp"":""2026-08-11T09:06:33.420Z""}"
2026-08-11T16:06:33.366517,JAD,Surabaya Gubeng 147,429,62.71,False,"{""success"":false,""message"":""ThrottlerException: Too Many Requests"",""error"":{""code"":""TOO_MANY_REQUESTS""},""path"":""/api/v1/stations"",""timestamp"":""2026-08-11T09:06:33.426Z""}"
2026-08-11T16:06:33.374748,JAE,Cirebon 148,429,58.7,False,"{""success"":false,""message"":""ThrottlerException: Too Many Requests"",""error"":{""code"":""TOO_MANY_REQUESTS""},""path"":""/api/v1/stations"",""timestamp"":""2026-08-11T09:06:33.430Z""}"
2026-08-11T16:06:33.398334,PAM,Pasar Senen 157,429,40.16,False,"{""success"":false,""message"":""ThrottlerException: Too Many Requests"",""error"":{""code"":""TOO_MANY_REQUESTS""},""path"":""/api/v1/stations"",""timestamp"":""2026-08-11T09:06:33.434Z""}"
2026-08-11T16:06:33.401146,TAQ,Cimahi 158,429,39.67,False,"{""success"":false,""message"":""ThrottlerException: Too Many Requests"",""error"":{""code"":""TOO_MANY_REQUESTS""},""path"":""/api/v1/stations"",""timestamp"":""2026-08-11T09:06:33.438Z""}"
2026-08-11T16:06:33.404187,BBD,Cimahi 159,429,39.67,False,"{""success"":false,""message"":""ThrottlerException: Too Many Requests"",""error"":{""code"":""TOO_MANY_REQUESTS""},""path"":""/api/v1/stations"",""timestamp"":""2026-08-11T09:06:33.441Z""}"
2026-08-11T16:06:33.409632,JAF,Cimahi 160,429,37.46,False,"{""success"":false,""message"":""ThrottlerException: Too Many Requests"",""error"":{""code"":""TOO_MANY_REQUESTS""},""path"":""/api/v1/stations"",""timestamp"":""2026-08-11T09:06:33.444Z""}"
2026-08-11T16:06:33.416397,KAF,Ketapang 161,429,33.69,False,"{""success"":false,""message"":""ThrottlerException: Too Many Requests"",""error"":{""code"":""TOO_MANY_REQUESTS""},""path"":""/api/v1/stations"",""timestamp"":""2026-08-11T09:06:33.447Z""}"
2026-08-11T16:06:33.419830,MAR,Makassar 162,429,36.75,False,"{""success"":false,""message"":""ThrottlerException: Too Many Requests"",""error"":{""code"":""TOO_MANY_REQUESTS""},""path"":""/api/v1/stations"",""timestamp"":""2026-08-11T09:06:33.453Z""}"
2026-08-11T16:06:33.423995,DAI,Makassar 163,429,34.74,False,"{""success"":false,""message"":""ThrottlerException: Too Many Requests"",""error"":{""code"":""TOO_MANY_REQUESTS""},""path"":""/api/v1/stations"",""timestamp"":""2026-08-11T09:06:33.456Z""}"
2026-08-11T16:06:33.429868,DAJ,Manado 164,429,32.1,False,"{""success"":false,""message"":""ThrottlerException: Too Many Requests"",""error"":{""code"":""TOO_MANY_REQUESTS""},""path"":""/api/v1/stations"",""timestamp"":""2026-08-11T09:06:33.459Z""}"
2026-08-11T16:06:33.394708,BBC,Jayapura 156,429,69.18,False,"{""success"":false,""message"":""ThrottlerException: Too Many Requests"",""error"":{""code"":""TOO_MANY_REQUESTS""},""path"":""/api/v1/stations"",""timestamp"":""2026-08-11T09:06:33.461Z""}"
2026-08-11T16:06:33.438935,MAT,Yogyakarta 166,429,29.06,False,"{""success"":false,""message"":""ThrottlerException: Too Many Requests"",""error"":{""code"":""TOO_MANY_REQUESTS""},""path"":""/api/v1/stations"",""timestamp"":""2026-08-11T09:06:33.465Z""}"
2026-08-11T16:06:33.441517,TAR,Lempuyangan 167,429,30.46,False,"{""success"":false,""message"":""ThrottlerException: Too Many Requests"",""error"":{""code"":""TOO_MANY_REQUESTS""},""path"":""/api/v1/stations"",""timestamp"":""2026-08-11T09:06:33.469Z""}"
2026-08-11T16:06:33.444261,SMG,Solo Balapan 168,429,31.53,False,"{""success"":false,""message"":""ThrottlerException: Too Many Requests"",""error"":{""code"":""TOO_MANY_REQUESTS""},""path"":""/api/v1/stations"",""timestamp"":""2026-08-11T09:06:33.473Z""}"
2026-08-11T16:06:33.447897,MAU,Pasar Senen 169,429,31.11,False,"{""success"":false,""message"":""ThrottlerException: Too Many Requests"",""error"":{""code"":""TOO_MANY_REQUESTS""},""path"":""/api/v1/stations"",""timestamp"":""2026-08-11T09:06:33.475Z""}"
2026-08-11T16:06:33.450583,MAV,Denpasar 170,429,30.24,False,"{""success"":false,""message"":""ThrottlerException: Too Many Requests"",""error"":{""code"":""TOO_MANY_REQUESTS""},""path"":""/api/v1/stations"",""timestamp"":""2026-08-11T09:06:33.477Z""}"
2026-08-11T16:06:33.457168,MAW,Surabaya Gubeng 171,429,25.54,False,"{""success"":false,""message"":""ThrottlerException: Too Many Requests"",""error"":{""code"":""TOO_MANY_REQUESTS""},""path"":""/api/v1/stations"",""timestamp"":""2026-08-11T09:06:33.479Z""}"
2026-08-11T16:06:33.459378,BBE,Manggarai 172,429,26.19,False,"{""success"":false,""message"":""ThrottlerException: Too Many Requests"",""error"":{""code"":""TOO_MANY_REQUESTS""},""path"":""/api/v1/stations"",""timestamp"":""2026-08-11T09:06:33.482Z""}"
2026-08-11T16:06:33.436036,MAS,Ketapang 165,429,51.49,False,"{""success"":false,""message"":""ThrottlerException: Too Many Requests"",""error"":{""code"":""TOO_MANY_REQUESTS""},""path"":""/api/v1/stations"",""timestamp"":""2026-08-11T09:06:33.484Z""}"
2026-08-11T16:06:33.468478,SAQ,Lempuyangan 175,429,20.77,False,"{""success"":false,""message"":""ThrottlerException: Too Many Requests"",""error"":{""code"":""TOO_MANY_REQUESTS""},""path"":""/api/v1/stations"",""timestamp"":""2026-08-11T09:06:33.486Z""}"
2026-08-11T16:06:33.472425,MAY,Bandung 176,429,18.59,False,"{""success"":false,""message"":""ThrottlerException: Too Many Requests"",""error"":{""code"":""TOO_MANY_REQUESTS""},""path"":""/api/v1/stations"",""timestamp"":""2026-08-11T09:06:33.488Z""}"
2026-08-11T16:06:33.477412,BBF,Surabaya Gubeng 177,429,16.65,False,"{""success"":false,""message"":""ThrottlerException: Too Many Requests"",""error"":{""code"":""TOO_MANY_REQUESTS""},""path"":""/api/v1/stations"",""timestamp"":""2026-08-11T09:06:33.491Z""}"
2026-08-11T16:06:33.479495,PAN,Pontianak 178,429,16.43,False,"{""success"":false,""message"":""ThrottlerException: Too Many Requests"",""error"":{""code"":""TOO_MANY_REQUESTS""},""path"":""/api/v1/stations"",""timestamp"":""2026-08-11T09:06:33.494Z""}"
2026-08-11T16:06:33.481364,DAK,Denpasar 179,429,17.21,False,"{""success"":false,""message"":""ThrottlerException: Too Many Requests"",""error"":{""code"":""TOO_MANY_REQUESTS""},""path"":""/api/v1/stations"",""timestamp"":""2026-08-11T09:06:33.496Z""}"
2026-08-11T16:06:33.483494,TAT,Malang 180,429,17.29,False,"{""success"":false,""message"":""ThrottlerException: Too Many Requests"",""error"":{""code"":""TOO_MANY_REQUESTS""},""path"":""/api/v1/stations"",""timestamp"":""2026-08-11T09:06:33.498Z""}"
2026-08-11T16:06:33.462516,MAX,Manggarai 173,429,40.46,False,"{""success"":false,""message"":""ThrottlerException: Too Many Requests"",""error"":{""code"":""TOO_MANY_REQUESTS""},""path"":""/api/v1/stations"",""timestamp"":""2026-08-11T09:06:33.501Z""}"
2026-08-11T16:06:33.464340,TAS,Banjarmasin 174,429,40.49,False,"{""success"":false,""message"":""ThrottlerException: Too Many Requests"",""error"":{""code"":""TOO_MANY_REQUESTS""},""path"":""/api/v1/stations"",""timestamp"":""2026-08-11T09:06:33.503Z""}"
2026-08-11T16:06:33.489724,SAS,Madiun 183,429,17.07,False,"{""success"":false,""message"":""ThrottlerException: Too Many Requests"",""error"":{""code"":""TOO_MANY_REQUESTS""},""path"":""/api/v1/stations"",""timestamp"":""2026-08-11T09:06:33.505Z""}"
2026-08-11T16:06:33.492832,BBG,Makassar 184,429,19.66,False,"{""success"":false,""message"":""ThrottlerException: Too Many Requests"",""error"":{""code"":""TOO_MANY_REQUESTS""},""path"":""/api/v1/stations"",""timestamp"":""2026-08-11T09:06:33.507Z""}"
2026-08-11T16:06:33.494783,KAG,Semarang Poncol 185,429,18.33,False,"{""success"":false,""message"":""ThrottlerException: Too Many Requests"",""error"":{""code"":""TOO_MANY_REQUESTS""},""path"":""/api/v1/stations"",""timestamp"":""2026-08-11T09:06:33.509Z""}"
2026-08-11T16:06:33.496226,DAL,Semarang Poncol 186,429,19.18,False,"{""success"":false,""message"":""ThrottlerException: Too Many Requests"",""error"":{""code"":""TOO_MANY_REQUESTS""},""path"":""/api/v1/stations"",""timestamp"":""2026-08-11T09:06:33.511Z""}"
2026-08-11T16:06:33.499105,SAT,Jember 187,429,18.17,False,"{""success"":false,""message"":""ThrottlerException: Too Many Requests"",""error"":{""code"":""TOO_MANY_REQUESTS""},""path"":""/api/v1/stations"",""timestamp"":""2026-08-11T09:06:33.513Z""}"
2026-08-11T16:06:33.501157,MAZ,Bandung 188,429,17.94,False,"{""success"":false,""message"":""ThrottlerException: Too Many Requests"",""error"":{""code"":""TOO_MANY_REQUESTS""},""path"":""/api/v1/stations"",""timestamp"":""2026-08-11T09:06:33.516Z""}"
2026-08-11T16:06:33.486079,SAR,Samarinda 181,429,34.98,False,"{""success"":false,""message"":""ThrottlerException: Too Many Requests"",""error"":{""code"":""TOO_MANY_REQUESTS""},""path"":""/api/v1/stations"",""timestamp"":""2026-08-11T09:06:33.518Z""}"
2026-08-11T16:06:33.487968,YAF,Pasar Senen 182,429,35.33,False,"{""success"":false,""message"":""ThrottlerException: Too Many Requests"",""error"":{""code"":""TOO_MANY_REQUESTS""},""path"":""/api/v1/stations"",""timestamp"":""2026-08-11T09:06:33.521Z""}"
2026-08-11T16:06:33.511052,KAH,Manggarai 191,429,15.17,False,"{""success"":false,""message"":""ThrottlerException: Too Many Requests"",""error"":{""code"":""TOO_MANY_REQUESTS""},""path"":""/api/v1/stations"",""timestamp"":""2026-08-11T09:06:33.524Z""}"
2026-08-11T16:06:33.513472,KAI,Pasar Senen 192,429,15.68,False,"{""success"":false,""message"":""ThrottlerException: Too Many Requests"",""error"":{""code"":""TOO_MANY_REQUESTS""},""path"":""/api/v1/stations"",""timestamp"":""2026-08-11T09:06:33.526Z""}"
2026-08-11T16:06:33.514298,MBB,Manggarai 193,429,17.34,False,"{""success"":false,""message"":""ThrottlerException: Too Many Requests"",""error"":{""code"":""TOO_MANY_REQUESTS""},""path"":""/api/v1/stations"",""timestamp"":""2026-08-11T09:06:33.529Z""}"
2026-08-11T16:06:33.516247,SAV,Banjarmasin 194,429,18.13,False,"{""success"":false,""message"":""ThrottlerException: Too Many Requests"",""error"":{""code"":""TOO_MANY_REQUESTS""},""path"":""/api/v1/stations"",""timestamp"":""2026-08-11T09:06:33.532Z""}"
2026-08-11T16:06:33.517801,PAO,Makassar 195,429,18.44,False,"{""success"":false,""message"":""ThrottlerException: Too Many Requests"",""error"":{""code"":""TOO_MANY_REQUESTS""},""path"":""/api/v1/stations"",""timestamp"":""2026-08-11T09:06:33.534Z""}"
2026-08-11T16:06:33.519642,SAW,Mataram 196,429,20.08,False,"{""success"":false,""message"":""ThrottlerException: Too Many Requests"",""error"":{""code"":""TOO_MANY_REQUESTS""},""path"":""/api/v1/stations"",""timestamp"":""2026-08-11T09:06:33.536Z""}"
2026-08-11T16:06:33.503332,MBA,Balikpapan 189,429,39.79,False,"{""success"":false,""message"":""ThrottlerException: Too Many Requests"",""error"":{""code"":""TOO_MANY_REQUESTS""},""path"":""/api/v1/stations"",""timestamp"":""2026-08-11T09:06:33.540Z""}"
2026-08-11T16:06:33.505230,SAU,Cirebon 190,429,42.59,False,"{""success"":false,""message"":""ThrottlerException: Too Many Requests"",""error"":{""code"":""TOO_MANY_REQUESTS""},""path"":""/api/v1/stations"",""timestamp"":""2026-08-11T09:06:33.545Z""}"
2026-08-11T16:06:33.526744,PAP,Jayapura 199,429,24.37,False,"{""success"":false,""message"":""ThrottlerException: Too Many Requests"",""error"":{""code"":""TOO_MANY_REQUESTS""},""path"":""/api/v1/stations"",""timestamp"":""2026-08-11T09:06:33.548Z""}"
2026-08-11T16:06:33.529697,JAG,Manado 200,429,23.31,False,"{""success"":false,""message"":""ThrottlerException: Too Many Requests"",""error"":{""code"":""TOO_MANY_REQUESTS""},""path"":""/api/v1/stations"",""timestamp"":""2026-08-11T09:06:33.550Z""}"
2026-08-11T16:06:33.532026,MBC,Lempuyangan 201,429,23.98,False,"{""success"":false,""message"":""ThrottlerException: Too Many Requests"",""error"":{""code"":""TOO_MANY_REQUESTS""},""path"":""/api/v1/stations"",""timestamp"":""2026-08-11T09:06:33.553Z""}"
2026-08-11T16:06:33.534913,BBI,Banjarmasin 202,429,22.8,False,"{""success"":false,""message"":""ThrottlerException: Too Many Requests"",""error"":{""code"":""TOO_MANY_REQUESTS""},""path"":""/api/v1/stations"",""timestamp"":""2026-08-11T09:06:33.555Z""}"
2026-08-11T16:06:33.538051,MBD,Jatinegara 203,429,22.03,False,"{""success"":false,""message"":""ThrottlerException: Too Many Requests"",""error"":{""code"":""TOO_MANY_REQUESTS""},""path"":""/api/v1/stations"",""timestamp"":""2026-08-11T09:06:33.557Z""}"
2026-08-11T16:06:33.540166,SAX,Kiaracondong 204,429,22.3,False,"{""success"":false,""message"":""ThrottlerException: Too Many Requests"",""error"":{""code"":""TOO_MANY_REQUESTS""},""path"":""/api/v1/stations"",""timestamp"":""2026-08-11T09:06:33.559Z""}"
2026-08-11T16:06:33.543504,BBJ,Bandung 205,429,21.55,False,"{""success"":false,""message"":""ThrottlerException: Too Many Requests"",""error"":{""code"":""TOO_MANY_REQUESTS""},""path"":""/api/v1/stations"",""timestamp"":""2026-08-11T09:06:33.563Z""}"
2026-08-11T16:06:33.521631,BBH,Balikpapan 197,429,46.16,False,"{""success"":false,""message"":""ThrottlerException: Too Many Requests"",""error"":{""code"":""TOO_MANY_REQUESTS""},""path"":""/api/v1/stations"",""timestamp"":""2026-08-11T09:06:33.566Z""}"
2026-08-11T16:06:33.524376,TAU,Jayapura 198,429,46.32,False,"{""success"":false,""message"":""ThrottlerException: Too Many Requests"",""error"":{""code"":""TOO_MANY_REQUESTS""},""path"":""/api/v1/stations"",""timestamp"":""2026-08-11T09:06:33.568Z""}"
2026-08-11T16:06:33.551624,JAH,Bekasi 207,429,22.07,False,"{""success"":false,""message"":""ThrottlerException: Too Many Requests"",""error"":{""code"":""TOO_MANY_REQUESTS""},""path"":""/api/v1/stations"",""timestamp"":""2026-08-11T09:06:33.571Z""}"
2026-08-11T16:06:33.554287,MBE,Pontianak 208,429,21.97,False,"{""success"":false,""message"":""ThrottlerException: Too Many Requests"",""error"":{""code"":""TOO_MANY_REQUESTS""},""path"":""/api/v1/stations"",""timestamp"":""2026-08-11T09:06:33.574Z""}"
2026-08-11T16:06:33.556391,GAA,Jayapura 209,429,22.87,False,"{""success"":false,""message"":""ThrottlerException: Too Many Requests"",""error"":{""code"":""TOO_MANY_REQUESTS""},""path"":""/api/v1/stations"",""timestamp"":""2026-08-11T09:06:33.577Z""}"
2026-08-11T16:06:33.558364,DAM,Surabaya Gubeng 210,429,23.18,False,"{""success"":false,""message"":""ThrottlerException: Too Many Requests"",""error"":{""code"":""TOO_MANY_REQUESTS""},""path"":""/api/v1/stations"",""timestamp"":""2026-08-11T09:06:33.579Z""}"
2026-08-11T16:06:33.560603,DAN,Cimahi 211,429,23.97,False,"{""success"":false,""message"":""ThrottlerException: Too Many Requests"",""error"":{""code"":""TOO_MANY_REQUESTS""},""path"":""/api/v1/stations"",""timestamp"":""2026-08-11T09:06:33.582Z""}"
2026-08-11T16:06:33.562929,JAI,Manggarai 212,429,24.53,False,"{""success"":false,""message"":""ThrottlerException: Too Many Requests"",""error"":{""code"":""TOO_MANY_REQUESTS""},""path"":""/api/v1/stations"",""timestamp"":""2026-08-11T09:06:33.584Z""}"
2026-08-11T16:06:33.565453,BBK,Jember 213,429,24.08,False,"{""success"":false,""message"":""ThrottlerException: Too Many Requests"",""error"":{""code"":""TOO_MANY_REQUESTS""},""path"":""/api/v1/stations"",""timestamp"":""2026-08-11T09:06:33.587Z""}"
2026-08-11T16:06:33.548311,TAV,Solo Balapan 206,429,44.53,False,"{""success"":false,""message"":""ThrottlerException: Too Many Requests"",""error"":{""code"":""TOO_MANY_REQUESTS""},""path"":""/api/v1/stations"",""timestamp"":""2026-08-11T09:06:33.590Z""}"
2026-08-11T16:06:33.574567,KAK,Banjarmasin 216,429,21.1,False,"{""success"":false,""message"":""ThrottlerException: Too Many Requests"",""error"":{""code"":""TOO_MANY_REQUESTS""},""path"":""/api/v1/stations"",""timestamp"":""2026-08-11T09:06:33.593Z""}"
2026-08-11T16:06:33.576702,KAL,Lempuyangan 217,429,22.02,False,"{""success"":false,""message"":""ThrottlerException: Too Many Requests"",""error"":{""code"":""TOO_MANY_REQUESTS""},""path"":""/api/v1/stations"",""timestamp"":""2026-08-11T09:06:33.596Z""}"
2026-08-11T16:06:33.579657,SAY,Bandung 218,429,22.58,False,"{""success"":false,""message"":""ThrottlerException: Too Many Requests"",""error"":{""code"":""TOO_MANY_REQUESTS""},""path"":""/api/v1/stations"",""timestamp"":""2026-08-11T09:06:33.600Z""}"
2026-08-11T16:06:33.582035,PAQ,Jatinegara 219,429,23.29,False,"{""success"":false,""message"":""ThrottlerException: Too Many Requests"",""error"":{""code"":""TOO_MANY_REQUESTS""},""path"":""/api/v1/stations"",""timestamp"":""2026-08-11T09:06:33.602Z""}"
2026-08-11T16:06:33.584897,KAM,Madiun 220,429,23.55,False,"{""success"":false,""message"":""ThrottlerException: Too Many Requests"",""error"":{""code"":""TOO_MANY_REQUESTS""},""path"":""/api/v1/stations"",""timestamp"":""2026-08-11T09:06:33.605Z""}"
2026-08-11T16:06:33.588016,BBM,Ketapang 221,429,23.35,False,"{""success"":false,""message"":""ThrottlerException: Too Many Requests"",""error"":{""code"":""TOO_MANY_REQUESTS""},""path"":""/api/v1/stations"",""timestamp"":""2026-08-11T09:06:33.608Z""}"
2026-08-11T16:06:33.590106,YAG,Banjarmasin 222,429,24.94,False,"{""success"":false,""message"":""ThrottlerException: Too Many Requests"",""error"":{""code"":""TOO_MANY_REQUESTS""},""path"":""/api/v1/stations"",""timestamp"":""2026-08-11T09:06:33.612Z""}"
2026-08-11T16:06:33.568994,BBL,Surabaya Pasar Turi 214,429,49.8,False,"{""success"":false,""message"":""ThrottlerException: Too Many Requests"",""error"":{""code"":""TOO_MANY_REQUESTS""},""path"":""/api/v1/stations"",""timestamp"":""2026-08-11T09:06:33.616Z""}"
2026-08-11T16:06:33.571086,KAJ,Surabaya Gubeng 215,429,52.9,False,"{""success"":false,""message"":""ThrottlerException: Too Many Requests"",""error"":{""code"":""TOO_MANY_REQUESTS""},""path"":""/api/v1/stations"",""timestamp"":""2026-08-11T09:06:33.621Z""}"
2026-08-11T16:06:33.596202,TAW,Bandung 224,429,32.4,False,"{""success"":false,""message"":""ThrottlerException: Too Many Requests"",""error"":{""code"":""TOO_MANY_REQUESTS""},""path"":""/api/v1/stations"",""timestamp"":""2026-08-11T09:06:33.624Z""}"
2026-08-11T16:06:33.599926,BBN,Manggarai 225,429,31.79,False,"{""success"":false,""message"":""ThrottlerException: Too Many Requests"",""error"":{""code"":""TOO_MANY_REQUESTS""},""path"":""/api/v1/stations"",""timestamp"":""2026-08-11T09:06:33.628Z""}"
2026-08-11T16:06:33.602775,BBO,Malang 226,429,32.9,False,"{""success"":false,""message"":""ThrottlerException: Too Many Requests"",""error"":{""code"":""TOO_MANY_REQUESTS""},""path"":""/api/v1/stations"",""timestamp"":""2026-08-11T09:06:33.632Z""}"
2026-08-11T16:06:33.606064,DAO,Manado 227,429,31.86,False,"{""success"":false,""message"":""ThrottlerException: Too Many Requests"",""error"":{""code"":""TOO_MANY_REQUESTS""},""path"":""/api/v1/stations"",""timestamp"":""2026-08-11T09:06:33.635Z""}"
2026-08-11T16:06:33.608971,MBF,Cirebon 228,429,32.5,False,"{""success"":false,""message"":""ThrottlerException: Too Many Requests"",""error"":{""code"":""TOO_MANY_REQUESTS""},""path"":""/api/v1/stations"",""timestamp"":""2026-08-11T09:06:33.638Z""}"
2026-08-11T16:06:33.611952,BBP,Solo Balapan 229,429,31.86,False,"{""success"":false,""message"":""ThrottlerException: Too Many Requests"",""error"":{""code"":""TOO_MANY_REQUESTS""},""path"":""/api/v1/stations"",""timestamp"":""2026-08-11T09:06:33.641Z""}"
2026-08-11T16:06:33.615600,AAB,Kiaracondong 230,429,32.12,False,"{""success"":false,""message"":""ThrottlerException: Too Many Requests"",""error"":{""code"":""TOO_MANY_REQUESTS""},""path"":""/api/v1/stations"",""timestamp"":""2026-08-11T09:06:33.644Z""}"
2026-08-11T16:06:33.619216,PAR,Bekasi 231,429,31.17,False,"{""success"":false,""message"":""ThrottlerException: Too Many Requests"",""error"":{""code"":""TOO_MANY_REQUESTS""},""path"":""/api/v1/stations"",""timestamp"":""2026-08-11T09:06:33.648Z""}"
2026-08-11T16:06:33.593224,SAZ,Kiaracondong 223,429,60.32,False,"{""success"":false,""message"":""ThrottlerException: Too Many Requests"",""error"":{""code"":""TOO_MANY_REQUESTS""},""path"":""/api/v1/stations"",""timestamp"":""2026-08-11T09:06:33.651Z""}"
2026-08-11T16:06:33.629477,SBA,Semarang Poncol 233,429,28.28,False,"{""success"":false,""message"":""ThrottlerException: Too Many Requests"",""error"":{""code"":""TOO_MANY_REQUESTS""},""path"":""/api/v1/stations"",""timestamp"":""2026-08-11T09:06:33.654Z""}"
2026-08-11T16:06:33.632345,TAX,Balikpapan 234,429,30.49,False,"{""success"":false,""message"":""ThrottlerException: Too Many Requests"",""error"":{""code"":""TOO_MANY_REQUESTS""},""path"":""/api/v1/stations"",""timestamp"":""2026-08-11T09:06:33.659Z""}"
2026-08-11T16:06:33.636253,PAS,Cirebon 235,429,31.74,False,"{""success"":false,""message"":""ThrottlerException: Too Many Requests"",""error"":{""code"":""TOO_MANY_REQUESTS""},""path"":""/api/v1/stations"",""timestamp"":""2026-08-11T09:06:33.664Z""}"
2026-08-11T16:06:33.638445,SBB,Banjarmasin 236,429,32.47,False,"{""success"":false,""message"":""ThrottlerException: Too Many Requests"",""error"":{""code"":""TOO_MANY_REQUESTS""},""path"":""/api/v1/stations"",""timestamp"":""2026-08-11T09:06:33.667Z""}"
2026-08-11T16:06:33.641951,DAP,Jayapura 237,429,31.54,False,"{""success"":false,""message"":""ThrottlerException: Too Many Requests"",""error"":{""code"":""TOO_MANY_REQUESTS""},""path"":""/api/v1/stations"",""timestamp"":""2026-08-11T09:06:33.670Z""}"
2026-08-11T16:06:33.644317,MBG,Jatinegara 238,429,32.7,False,"{""success"":false,""message"":""ThrottlerException: Too Many Requests"",""error"":{""code"":""TOO_MANY_REQUESTS""},""path"":""/api/v1/stations"",""timestamp"":""2026-08-11T09:06:33.674Z""}"
2026-08-11T16:06:33.648500,SBC,Manado 239,429,35.71,False,"{""success"":false,""message"":""ThrottlerException: Too Many Requests"",""error"":{""code"":""TOO_MANY_REQUESTS""},""path"":""/api/v1/stations"",""timestamp"":""2026-08-11T09:06:33.681Z""}"
2026-08-11T16:06:33.624551,YAH,Banjarmasin 232,429,66.52,False,"{""success"":false,""message"":""ThrottlerException: Too Many Requests"",""error"":{""code"":""TOO_MANY_REQUESTS""},""path"":""/api/v1/stations"",""timestamp"":""2026-08-11T09:06:33.687Z""}"
2026-08-11T16:06:33.658426,KAP,Manado 242,429,39.56,False,"{""success"":false,""message"":""ThrottlerException: Too Many Requests"",""error"":{""code"":""TOO_MANY_REQUESTS""},""path"":""/api/v1/stations"",""timestamp"":""2026-08-11T09:06:33.694Z""}"
2026-08-11T16:06:33.665712,SBD,Yogyakarta 243,429,37.91,False,"{""success"":false,""message"":""ThrottlerException: Too Many Requests"",""error"":{""code"":""TOO_MANY_REQUESTS""},""path"":""/api/v1/stations"",""timestamp"":""2026-08-11T09:06:33.700Z""}"
2026-08-11T16:06:33.668784,PAT,Surabaya Gubeng 244,429,37.99,False,"{""success"":false,""message"":""ThrottlerException: Too Many Requests"",""error"":{""code"":""TOO_MANY_REQUESTS""},""path"":""/api/v1/stations"",""timestamp"":""2026-08-11T09:06:33.704Z""}"
2026-08-11T16:06:33.671564,JAJ,Lempuyangan 245,429,39.52,False,"{""success"":false,""message"":""ThrottlerException: Too Many Requests"",""error"":{""code"":""TOO_MANY_REQUESTS""},""path"":""/api/v1/stations"",""timestamp"":""2026-08-11T09:06:33.707Z""}"
2026-08-11T16:06:33.674469,YAI,Bandung 246,429,40.67,False,"{""success"":false,""message"":""ThrottlerException: Too Many Requests"",""error"":{""code"":""TOO_MANY_REQUESTS""},""path"":""/api/v1/stations"",""timestamp"":""2026-08-11T09:06:33.712Z""}"
2026-08-11T16:06:33.678414,SBE,Malang 247,429,39.62,False,"{""success"":false,""message"":""ThrottlerException: Too Many Requests"",""error"":{""code"":""TOO_MANY_REQUESTS""},""path"":""/api/v1/stations"",""timestamp"":""2026-08-11T09:06:33.715Z""}"
2026-08-11T16:06:33.685004,BBQ,Bekasi 248,429,36.71,False,"{""success"":false,""message"":""ThrottlerException: Too Many Requests"",""error"":{""code"":""TOO_MANY_REQUESTS""},""path"":""/api/v1/stations"",""timestamp"":""2026-08-11T09:06:33.718Z""}"
2026-08-11T16:06:33.650944,KAN,Bogor 240,429,74.56,False,"{""success"":false,""message"":""ThrottlerException: Too Many Requests"",""error"":{""code"":""TOO_MANY_REQUESTS""},""path"":""/api/v1/stations"",""timestamp"":""2026-08-11T09:06:33.722Z""}"
2026-08-11T16:06:33.654500,KAO,Balikpapan 241,429,74.91,False,"{""success"":false,""message"":""ThrottlerException: Too Many Requests"",""error"":{""code"":""TOO_MANY_REQUESTS""},""path"":""/api/v1/stations"",""timestamp"":""2026-08-11T09:06:33.726Z""}"
2026-08-11T16:06:33.698581,BBS,Solo Balapan 250,429,35.93,False,"{""success"":false,""message"":""ThrottlerException: Too Many Requests"",""error"":{""code"":""TOO_MANY_REQUESTS""},""path"":""/api/v1/stations"",""timestamp"":""2026-08-11T09:06:33.731Z""}"
2026-08-11T16:06:33.704149,TAY,Jayapura 251,429,34.79,False,"{""success"":false,""message"":""ThrottlerException: Too Many Requests"",""error"":{""code"":""TOO_MANY_REQUESTS""},""path"":""/api/v1/stations"",""timestamp"":""2026-08-11T09:06:33.736Z""}"
2026-08-11T16:06:33.709548,BBT,Banyuwangi 252,429,35.47,False,"{""success"":false,""message"":""ThrottlerException: Too Many Requests"",""error"":{""code"":""TOO_MANY_REQUESTS""},""path"":""/api/v1/stations"",""timestamp"":""2026-08-11T09:06:33.741Z""}"
2026-08-11T16:06:33.711784,MBH,Kiaracondong 253,429,39.5,False,"{""success"":false,""message"":""ThrottlerException: Too Many Requests"",""error"":{""code"":""TOO_MANY_REQUESTS""},""path"":""/api/v1/stations"",""timestamp"":""2026-08-11T09:06:33.747Z""}"
2026-08-11T16:06:33.715493,MBI,Mataram 254,429,41.12,False,"{""success"":false,""message"":""ThrottlerException: Too Many Requests"",""error"":{""code"":""TOO_MANY_REQUESTS""},""path"":""/api/v1/stations"",""timestamp"":""2026-08-11T09:06:33.753Z""}"
2026-08-11T16:06:33.718813,KAQ,Bogor 255,429,42.15,False,"{""success"":false,""message"":""ThrottlerException: Too Many Requests"",""error"":{""code"":""TOO_MANY_REQUESTS""},""path"":""/api/v1/stations"",""timestamp"":""2026-08-11T09:06:33.758Z""}"
2026-08-11T16:06:33.723327,BBU,Semarang Tawang 256,429,53.71,False,"{""success"":false,""message"":""ThrottlerException: Too Many Requests"",""error"":{""code"":""TOO_MANY_REQUESTS""},""path"":""/api/v1/stations"",""timestamp"":""2026-08-11T09:06:33.762Z""}"
2026-08-11T16:06:33.725933,DAQ,Pontianak 257,429,52.12,False,"{""success"":false,""message"":""ThrottlerException: Too Many Requests"",""error"":{""code"":""TOO_MANY_REQUESTS""},""path"":""/api/v1/stations"",""timestamp"":""2026-08-11T09:06:33.766Z""}"
2026-08-11T16:06:33.693967,BBR,Samarinda 249,429,87.74,False,"{""success"":false,""message"":""ThrottlerException: Too Many Requests"",""error"":{""code"":""TOO_MANY_REQUESTS""},""path"":""/api/v1/stations"",""timestamp"":""2026-08-11T09:06:33.772Z""}"
2026-08-11T16:06:33.735070,AAC,Cirebon 259,429,49.93,False,"{""success"":false,""message"":""ThrottlerException: Too Many Requests"",""error"":{""code"":""TOO_MANY_REQUESTS""},""path"":""/api/v1/stations"",""timestamp"":""2026-08-11T09:06:33.776Z""}"
2026-08-11T16:06:33.739436,MBJ,Jayapura 260,429,52.36,False,"{""success"":false,""message"":""ThrottlerException: Too Many Requests"",""error"":{""code"":""TOO_MANY_REQUESTS""},""path"":""/api/v1/stations"",""timestamp"":""2026-08-11T09:06:33.781Z""}"
2026-08-11T16:06:33.745661,BBV,Mataram 261,429,48.74,False,"{""success"":false,""message"":""ThrottlerException: Too Many Requests"",""error"":{""code"":""TOO_MANY_REQUESTS""},""path"":""/api/v1/stations"",""timestamp"":""2026-08-11T09:06:33.785Z""}"
2026-08-11T16:06:33.751862,DAR,Jatinegara 262,429,45.43,False,"{""success"":false,""message"":""ThrottlerException: Too Many Requests"",""error"":{""code"":""TOO_MANY_REQUESTS""},""path"":""/api/v1/stations"",""timestamp"":""2026-08-11T09:06:33.790Z""}"
2026-08-11T16:06:33.757582,MBK,Mataram 263,429,42.18,False,"{""success"":false,""message"":""ThrottlerException: Too Many Requests"",""error"":{""code"":""TOO_MANY_REQUESTS""},""path"":""/api/v1/stations"",""timestamp"":""2026-08-11T09:06:33.794Z""}"
2026-08-11T16:06:33.729879,TAZ,Bandung 258,429,77.56,False,"{""success"":false,""message"":""ThrottlerException: Too Many Requests"",""error"":{""code"":""TOO_MANY_REQUESTS""},""path"":""/api/v1/stations"",""timestamp"":""2026-08-11T09:06:33.805Z""}"
2026-08-11T16:06:33.789598,JAK,Lempuyangan 268,429,20.88,False,"{""success"":false,""message"":""ThrottlerException: Too Many Requests"",""error"":{""code"":""TOO_MANY_REQUESTS""},""path"":""/api/v1/stations"",""timestamp"":""2026-08-11T09:06:33.808Z""}"
2026-08-11T16:06:33.792857,JAL,Malang 269,429,19.78,False,"{""success"":false,""message"":""ThrottlerException: Too Many Requests"",""error"":{""code"":""TOO_MANY_REQUESTS""},""path"":""/api/v1/stations"",""timestamp"":""2026-08-11T09:06:33.810Z""}"
2026-08-11T16:06:33.795276,JAM,Manggarai 270,429,20.57,False,"{""success"":false,""message"":""ThrottlerException: Too Many Requests"",""error"":{""code"":""TOO_MANY_REQUESTS""},""path"":""/api/v1/stations"",""timestamp"":""2026-08-11T09:06:33.812Z""}"
2026-08-11T16:06:33.798030,YAJ,Manado 271,429,21.07,False,"{""success"":false,""message"":""ThrottlerException: Too Many Requests"",""error"":{""code"":""TOO_MANY_REQUESTS""},""path"":""/api/v1/stations"",""timestamp"":""2026-08-11T09:06:33.816Z""}"
2026-08-11T16:06:33.800472,DAS,Gambir 272,429,23.34,False,"{""success"":false,""message"":""ThrottlerException: Too Many Requests"",""error"":{""code"":""TOO_MANY_REQUESTS""},""path"":""/api/v1/stations"",""timestamp"":""2026-08-11T09:06:33.820Z""}"
2026-08-11T16:06:33.774968,KAR,Madiun 264,429,50.92,False,"{""success"":false,""message"":""ThrottlerException: Too Many Requests"",""error"":{""code"":""TOO_MANY_REQUESTS""},""path"":""/api/v1/stations"",""timestamp"":""2026-08-11T09:06:33.823Z""}"
2026-08-11T16:06:33.778849,MBL,Surabaya Pasar Turi 265,429,49.45,False,"{""success"":false,""message"":""ThrottlerException: Too Many Requests"",""error"":{""code"":""TOO_MANY_REQUESTS""},""path"":""/api/v1/stations"",""timestamp"":""2026-08-11T09:06:33.826Z""}"
2026-08-11T16:06:33.780283,BBW,Manado 266,429,57.46,False,"{""success"":false,""message"":""ThrottlerException: Too Many Requests"",""error"":{""code"":""TOO_MANY_REQUESTS""},""path"":""/api/v1/stations"",""timestamp"":""2026-08-11T09:06:33.829Z""}"
2026-08-11T16:06:33.782709,BBX,Cirebon 267,429,55.76,False,"{""success"":false,""message"":""ThrottlerException: Too Many Requests"",""error"":{""code"":""TOO_MANY_REQUESTS""},""path"":""/api/v1/stations"",""timestamp"":""2026-08-11T09:06:33.831Z""}"
2026-08-11T16:06:33.811146,BBY,Cirebon 274,429,27.9,False,"{""success"":false,""message"":""ThrottlerException: Too Many Requests"",""error"":{""code"":""TOO_MANY_REQUESTS""},""path"":""/api/v1/stations"",""timestamp"":""2026-08-11T09:06:33.834Z""}"
2026-08-11T16:06:33.813770,MBM,Cimahi 275,429,29.05,False,"{""success"":false,""message"":""ThrottlerException: Too Many Requests"",""error"":{""code"":""TOO_MANY_REQUESTS""},""path"":""/api/v1/stations"",""timestamp"":""2026-08-11T09:06:33.836Z""}"
2026-08-11T16:06:33.816316,MBN,Surabaya Pasar Turi 276,429,29.17,False,"{""success"":false,""message"":""ThrottlerException: Too Many Requests"",""error"":{""code"":""TOO_MANY_REQUESTS""},""path"":""/api/v1/stations"",""timestamp"":""2026-08-11T09:06:33.838Z""}"
2026-08-11T16:06:33.819735,SBG,Mataram 277,429,26.29,False,"{""success"":false,""message"":""ThrottlerException: Too Many Requests"",""error"":{""code"":""TOO_MANY_REQUESTS""},""path"":""/api/v1/stations"",""timestamp"":""2026-08-11T09:06:33.840Z""}"
2026-08-11T16:06:33.824327,BBZ,Makassar 278,429,24.92,False,"{""success"":false,""message"":""ThrottlerException: Too Many Requests"",""error"":{""code"":""TOO_MANY_REQUESTS""},""path"":""/api/v1/stations"",""timestamp"":""2026-08-11T09:06:33.843Z""}"
2026-08-11T16:06:33.826526,GAB,Semarang Tawang 279,429,26.2,False,"{""success"":false,""message"":""ThrottlerException: Too Many Requests"",""error"":{""code"":""TOO_MANY_REQUESTS""},""path"":""/api/v1/stations"",""timestamp"":""2026-08-11T09:06:33.845Z""}"
2026-08-11T16:06:33.808208,SBF,Denpasar 273,429,46.62,False,"{""success"":false,""message"":""ThrottlerException: Too Many Requests"",""error"":{""code"":""TOO_MANY_REQUESTS""},""path"":""/api/v1/stations"",""timestamp"":""2026-08-11T09:06:33.847Z""}"
2026-08-11T16:06:33.841314,MBP,Mataram 283,429,15.74,False,"{""success"":false,""message"":""ThrottlerException: Too Many Requests"",""error"":{""code"":""TOO_MANY_REQUESTS""},""path"":""/api/v1/stations"",""timestamp"":""2026-08-11T09:06:33.850Z""}"
2026-08-11T16:06:33.844194,MBQ,Makassar 284,429,15.95,False,"{""success"":false,""message"":""ThrottlerException: Too Many Requests"",""error"":{""code"":""TOO_MANY_REQUESTS""},""path"":""/api/v1/stations"",""timestamp"":""2026-08-11T09:06:33.853Z""}"
2026-08-11T16:06:33.846461,PAU,Malang 285,429,18.87,False,"{""success"":false,""message"":""ThrottlerException: Too Many Requests"",""error"":{""code"":""TOO_MANY_REQUESTS""},""path"":""/api/v1/stations"",""timestamp"":""2026-08-11T09:06:33.856Z""}"
2026-08-11T16:06:33.835794,MBO,Madiun 280,429,31.73,False,"{""success"":false,""message"":""ThrottlerException: Too Many Requests"",""error"":{""code"":""TOO_MANY_REQUESTS""},""path"":""/api/v1/stations"",""timestamp"":""2026-08-11T09:06:33.859Z""}"
2026-08-11T16:06:33.839357,TBA,Cirebon 281,429,30.45,False,"{""success"":false,""message"":""ThrottlerException: Too Many Requests"",""error"":{""code"":""TOO_MANY_REQUESTS""},""path"":""/api/v1/stations"",""timestamp"":""2026-08-11T09:06:33.863Z""}"
2026-08-11T16:06:33.840453,TBB,Solo Balapan 282,429,31.42,False,"{""success"":false,""message"":""ThrottlerException: Too Many Requests"",""error"":{""code"":""TOO_MANY_REQUESTS""},""path"":""/api/v1/stations"",""timestamp"":""2026-08-11T09:06:33.867Z""}"
2026-08-11T16:06:33.858393,MBR,Banjarmasin 290,429,15.34,False,"{""success"":false,""message"":""ThrottlerException: Too Many Requests"",""error"":{""code"":""TOO_MANY_REQUESTS""},""path"":""/api/v1/stations"",""timestamp"":""2026-08-11T09:06:33.870Z""}"
2026-08-11T16:06:33.863361,MBS,Manggarai 291,429,15.67,False,"{""success"":false,""message"":""ThrottlerException: Too Many Requests"",""error"":{""code"":""TOO_MANY_REQUESTS""},""path"":""/api/v1/stations"",""timestamp"":""2026-08-11T09:06:33.873Z""}"
2026-08-11T16:06:33.866222,PAV,Bekasi 292,429,14.97,False,"{""success"":false,""message"":""ThrottlerException: Too Many Requests"",""error"":{""code"":""TOO_MANY_REQUESTS""},""path"":""/api/v1/stations"",""timestamp"":""2026-08-11T09:06:33.877Z""}"
2026-08-11T16:06:33.847554,TBC,Madiun 286,429,36.05,False,"{""success"":false,""message"":""ThrottlerException: Too Many Requests"",""error"":{""code"":""TOO_MANY_REQUESTS""},""path"":""/api/v1/stations"",""timestamp"":""2026-08-11T09:06:33.879Z""}"
2026-08-11T16:06:33.850663,JAN,Gambir 287,429,35.02,False,"{""success"":false,""message"":""ThrottlerException: Too Many Requests"",""error"":{""code"":""TOO_MANY_REQUESTS""},""path"":""/api/v1/stations"",""timestamp"":""2026-08-11T09:06:33.882Z""}"
2026-08-11T16:06:33.853621,SBH,Surabaya Pasar Turi 288,429,34.45,False,"{""success"":false,""message"":""ThrottlerException: Too Many Requests"",""error"":{""code"":""TOO_MANY_REQUESTS""},""path"":""/api/v1/stations"",""timestamp"":""2026-08-11T09:06:33.885Z""}"
2026-08-11T16:06:33.855636,DAT,Jatinegara 289,429,37.07,False,"{""success"":false,""message"":""ThrottlerException: Too Many Requests"",""error"":{""code"":""TOO_MANY_REQUESTS""},""path"":""/api/v1/stations"",""timestamp"":""2026-08-11T09:06:33.889Z""}"
2026-08-11T16:06:33.876955,PAX,Makassar 296,429,19.79,False,"{""success"":false,""message"":""ThrottlerException: Too Many Requests"",""error"":{""code"":""TOO_MANY_REQUESTS""},""path"":""/api/v1/stations"",""timestamp"":""2026-08-11T09:06:33.894Z""}"
2026-08-11T16:06:33.879944,BCB,Yogyakarta 297,429,20.25,False,"{""success"":false,""message"":""ThrottlerException: Too Many Requests"",""error"":{""code"":""TOO_MANY_REQUESTS""},""path"":""/api/v1/stations"",""timestamp"":""2026-08-11T09:06:33.897Z""}"
2026-08-11T16:06:33.881975,BCC,Bekasi 298,429,22.97,False,"{""success"":false,""message"":""ThrottlerException: Too Many Requests"",""error"":{""code"":""TOO_MANY_REQUESTS""},""path"":""/api/v1/stations"",""timestamp"":""2026-08-11T09:06:33.901Z""}"
2026-08-11T16:06:33.884223,MBT,Jember 299,429,26.12,False,"{""success"":false,""message"":""ThrottlerException: Too Many Requests"",""error"":{""code"":""TOO_MANY_REQUESTS""},""path"":""/api/v1/stations"",""timestamp"":""2026-08-11T09:06:33.905Z""}"
2026-08-11T16:06:33.886280,YAK,Semarang Tawang 300,429,28.49,False,"{""success"":false,""message"":""ThrottlerException: Too Many Requests"",""error"":{""code"":""TOO_MANY_REQUESTS""},""path"":""/api/v1/stations"",""timestamp"":""2026-08-11T09:06:33.912Z""}"
2026-08-11T16:06:33.888540,BCD,Manado 301,429,31.3,False,"{""success"":false,""message"":""ThrottlerException: Too Many Requests"",""error"":{""code"":""TOO_MANY_REQUESTS""},""path"":""/api/v1/stations"",""timestamp"":""2026-08-11T09:06:33.917Z""}"
2026-08-11T16:06:33.868486,KAS,Mataram 293,429,55.48,False,"{""success"":false,""message"":""ThrottlerException: Too Many Requests"",""error"":{""code"":""TOO_MANY_REQUESTS""},""path"":""/api/v1/stations"",""timestamp"":""2026-08-11T09:06:33.921Z""}"
2026-08-11T16:06:33.870378,BCA,Bekasi 294,429,56.6,False,"{""success"":false,""message"":""ThrottlerException: Too Many Requests"",""error"":{""code"":""TOO_MANY_REQUESTS""},""path"":""/api/v1/stations"",""timestamp"":""2026-08-11T09:06:33.924Z""}"
2026-08-11T16:06:33.872326,PAW,Madiun 295,429,57.77,False,"{""success"":false,""message"":""ThrottlerException: Too Many Requests"",""error"":{""code"":""TOO_MANY_REQUESTS""},""path"":""/api/v1/stations"",""timestamp"":""2026-08-11T09:06:33.927Z""}"
2026-08-11T16:06:33.897479,PAY,Balikpapan 303,429,34.88,False,"{""success"":false,""message"":""ThrottlerException: Too Many Requests"",""error"":{""code"":""TOO_MANY_REQUESTS""},""path"":""/api/v1/stations"",""timestamp"":""2026-08-11T09:06:33.929Z""}"
2026-08-11T16:06:33.900751,KAT,Makassar 304,429,33.93,False,"{""success"":false,""message"":""ThrottlerException: Too Many Requests"",""error"":{""code"":""TOO_MANY_REQUESTS""},""path"":""/api/v1/stations"",""timestamp"":""2026-08-11T09:06:33.931Z""}"
2026-08-11T16:06:33.907353,DAU,Manado 305,429,29.79,False,"{""success"":false,""message"":""ThrottlerException: Too Many Requests"",""error"":{""code"":""TOO_MANY_REQUESTS""},""path"":""/api/v1/stations"",""timestamp"":""2026-08-11T09:06:33.934Z""}"
2026-08-11T16:06:33.910903,SBJ,Lempuyangan 306,429,28.31,False,"{""success"":false,""message"":""ThrottlerException: Too Many Requests"",""error"":{""code"":""TOO_MANY_REQUESTS""},""path"":""/api/v1/stations"",""timestamp"":""2026-08-11T09:06:33.936Z""}"
2026-08-11T16:06:33.915492,KAU,Jember 307,429,26.0,False,"{""success"":false,""message"":""ThrottlerException: Too Many Requests"",""error"":{""code"":""TOO_MANY_REQUESTS""},""path"":""/api/v1/stations"",""timestamp"":""2026-08-11T09:06:33.939Z""}"
2026-08-11T16:06:33.920444,CAE,Surabaya Pasar Turi 308,429,23.54,False,"{""success"":false,""message"":""ThrottlerException: Too Many Requests"",""error"":{""code"":""TOO_MANY_REQUESTS""},""path"":""/api/v1/stations"",""timestamp"":""2026-08-11T09:06:33.941Z""}"
2026-08-11T16:06:33.924476,BCE,Pasar Senen 309,429,22.17,False,"{""success"":false,""message"":""ThrottlerException: Too Many Requests"",""error"":{""code"":""TOO_MANY_REQUESTS""},""path"":""/api/v1/stations"",""timestamp"":""2026-08-11T09:06:33.944Z""}"
2026-08-11T16:06:33.893350,SBI,Makassar 302,429,55.92,False,"{""success"":false,""message"":""ThrottlerException: Too Many Requests"",""error"":{""code"":""TOO_MANY_REQUESTS""},""path"":""/api/v1/stations"",""timestamp"":""2026-08-11T09:06:33.946Z""}"
2026-08-11T16:06:33.933243,BCF,Malang 312,429,19.98,False,"{""success"":false,""message"":""ThrottlerException: Too Many Requests"",""error"":{""code"":""TOO_MANY_REQUESTS""},""path"":""/api/v1/stations"",""timestamp"":""2026-08-11T09:06:33.949Z""}"
2026-08-11T16:06:33.935158,KAV,Manggarai 313,429,21.27,False,"{""success"":false,""message"":""ThrottlerException: Too Many Requests"",""error"":{""code"":""TOO_MANY_REQUESTS""},""path"":""/api/v1/stations"",""timestamp"":""2026-08-11T09:06:33.954Z""}"
2026-08-11T16:06:33.937713,BCG,Surabaya Gubeng 314,429,21.45,False,"{""success"":false,""message"":""ThrottlerException: Too Many Requests"",""error"":{""code"":""TOO_MANY_REQUESTS""},""path"":""/api/v1/stations"",""timestamp"":""2026-08-11T09:06:33.956Z""}"
2026-08-11T16:06:33.940043,AAD,Cimahi 315,429,28.73,False,"{""success"":false,""message"":""ThrottlerException: Too Many Requests"",""error"":{""code"":""TOO_MANY_REQUESTS""},""path"":""/api/v1/stations"",""timestamp"":""2026-08-11T09:06:33.959Z""}"
2026-08-11T16:06:33.942084,GAC,Denpasar 316,429,31.41,False,"{""success"":false,""message"":""ThrottlerException: Too Many Requests"",""error"":{""code"":""TOO_MANY_REQUESTS""},""path"":""/api/v1/stations"",""timestamp"":""2026-08-11T09:06:33.962Z""}"
2026-08-11T16:06:33.944502,GAD,Manggarai 317,429,29.47,False,"{""success"":false,""message"":""ThrottlerException: Too Many Requests"",""error"":{""code"":""TOO_MANY_REQUESTS""},""path"":""/api/v1/stations"",""timestamp"":""2026-08-11T09:06:33.964Z""}"
2026-08-11T16:06:33.927545,DAV,Madiun 310,429,50.9,False,"{""success"":false,""message"":""ThrottlerException: Too Many Requests"",""error"":{""code"":""TOO_MANY_REQUESTS""},""path"":""/api/v1/stations"",""timestamp"":""2026-08-11T09:06:33.967Z""}"
2026-08-11T16:06:33.930741,TBD,Banyuwangi 311,429,48.27,False,"{""success"":false,""message"":""ThrottlerException: Too Many Requests"",""error"":{""code"":""TOO_MANY_REQUESTS""},""path"":""/api/v1/stations"",""timestamp"":""2026-08-11T09:06:33.969Z""}"
2026-08-11T16:06:33.953737,TBE,Denpasar 320,429,26.37,False,"{""success"":false,""message"":""ThrottlerException: Too Many Requests"",""error"":{""code"":""TOO_MANY_REQUESTS""},""path"":""/api/v1/stations"",""timestamp"":""2026-08-11T09:06:33.971Z""}"
2026-08-11T16:06:33.957052,PAZ,Banjarmasin 321,429,31.6,False,"{""success"":false,""message"":""ThrottlerException: Too Many Requests"",""error"":{""code"":""TOO_MANY_REQUESTS""},""path"":""/api/v1/stations"",""timestamp"":""2026-08-11T09:06:33.973Z""}"
2026-08-11T16:06:33.966024,JAO,Surabaya Pasar Turi 322,429,23.4,False,"{""success"":false,""message"":""ThrottlerException: Too Many Requests"",""error"":{""code"":""TOO_MANY_REQUESTS""},""path"":""/api/v1/stations"",""timestamp"":""2026-08-11T09:06:33.976Z""}"
2026-08-11T16:06:33.947371,KAW,Surabaya Pasar Turi 318,429,46.64,False,"{""success"":false,""message"":""ThrottlerException: Too Many Requests"",""error"":{""code"":""TOO_MANY_REQUESTS""},""path"":""/api/v1/stations"",""timestamp"":""2026-08-11T09:06:33.978Z""}"
2026-08-11T16:06:33.949981,MBU,Madiun 319,429,46.19,False,"{""success"":false,""message"":""ThrottlerException: Too Many Requests"",""error"":{""code"":""TOO_MANY_REQUESTS""},""path"":""/api/v1/stations"",""timestamp"":""2026-08-11T09:06:33.982Z""}"
2026-08-11T16:06:33.974449,BCH,Jember 323,429,22.39,False,"{""success"":false,""message"":""ThrottlerException: Too Many Requests"",""error"":{""code"":""TOO_MANY_REQUESTS""},""path"":""/api/v1/stations"",""timestamp"":""2026-08-11T09:06:33.988Z""}"
2026-08-11T16:06:33.975735,SBK,Madiun 324,429,24.59,False,"{""success"":false,""message"":""ThrottlerException: Too Many Requests"",""error"":{""code"":""TOO_MANY_REQUESTS""},""path"":""/api/v1/stations"",""timestamp"":""2026-08-11T09:06:33.992Z""}"
2026-08-11T16:06:33.976776,KAX,Makassar 325,429,27.34,False,"{""success"":false,""message"":""ThrottlerException: Too Many Requests"",""error"":{""code"":""TOO_MANY_REQUESTS""},""path"":""/api/v1/stations"",""timestamp"":""2026-08-11T09:06:33.994Z""}"
2026-08-11T16:06:33.982483,SBL,Banjarmasin 326,429,28.1,False,"{""success"":false,""message"":""ThrottlerException: Too Many Requests"",""error"":{""code"":""TOO_MANY_REQUESTS""},""path"":""/api/v1/stations"",""timestamp"":""2026-08-11T09:06:33.998Z""}"
2026-08-11T16:06:33.985117,AAE,Samarinda 327,429,27.89,False,"{""success"":false,""message"":""ThrottlerException: Too Many Requests"",""error"":{""code"":""TOO_MANY_REQUESTS""},""path"":""/api/v1/stations"",""timestamp"":""2026-08-11T09:06:34.001Z""}"
2026-08-11T16:06:33.987019,PBA,Jayapura 328,429,32.64,False,"{""success"":false,""message"":""ThrottlerException: Too Many Requests"",""error"":{""code"":""TOO_MANY_REQUESTS""},""path"":""/api/v1/stations"",""timestamp"":""2026-08-11T09:06:34.004Z""}"
2026-08-11T16:06:33.990862,MBV,Pasar Senen 329,429,32.37,False,"{""success"":false,""message"":""ThrottlerException: Too Many Requests"",""error"":{""code"":""TOO_MANY_REQUESTS""},""path"":""/api/v1/stations"",""timestamp"":""2026-08-11T09:06:34.007Z""}"
2026-08-11T16:06:33.992412,KAY,Mataram 330,429,33.33,False,"{""success"":false,""message"":""ThrottlerException: Too Many Requests"",""error"":{""code"":""TOO_MANY_REQUESTS""},""path"":""/api/v1/stations"",""timestamp"":""2026-08-11T09:06:34.011Z""}"
2026-08-11T16:06:33.994857,SBM,Banjarmasin 331,429,32.0,False,"{""success"":false,""message"":""ThrottlerException: Too Many Requests"",""error"":{""code"":""TOO_MANY_REQUESTS""},""path"":""/api/v1/stations"",""timestamp"":""2026-08-11T09:06:34.014Z""}"
2026-08-11T16:06:33.997786,KAZ,Jember 332,429,29.59,False,"{""success"":false,""message"":""ThrottlerException: Too Many Requests"",""error"":{""code"":""TOO_MANY_REQUESTS""},""path"":""/api/v1/stations"",""timestamp"":""2026-08-11T09:06:34.018Z""}"
2026-08-11T16:06:33.998924,JAP,Pontianak 333,429,32.35,False,"{""success"":false,""message"":""ThrottlerException: Too Many Requests"",""error"":{""code"":""TOO_MANY_REQUESTS""},""path"":""/api/v1/stations"",""timestamp"":""2026-08-11T09:06:34.021Z""}"
2026-08-11T16:06:34.002336,CAF,Semarang Poncol 334,429,30.99,False,"{""success"":false,""message"":""ThrottlerException: Too Many Requests"",""error"":{""code"":""TOO_MANY_REQUESTS""},""path"":""/api/v1/stations"",""timestamp"":""2026-08-11T09:06:34.024Z""}"
2026-08-11T16:06:34.009009,KBA,Yogyakarta 335,429,26.46,False,"{""success"":false,""message"":""ThrottlerException: Too Many Requests"",""error"":{""code"":""TOO_MANY_REQUESTS""},""path"":""/api/v1/stations"",""timestamp"":""2026-08-11T09:06:34.027Z""}"
2026-08-11T16:06:34.011401,MBW,Pontianak 336,429,26.11,False,"{""success"":false,""message"":""ThrottlerException: Too Many Requests"",""error"":{""code"":""TOO_MANY_REQUESTS""},""path"":""/api/v1/stations"",""timestamp"":""2026-08-11T09:06:34.030Z""}"
2026-08-11T16:06:34.020768,TBF,Bekasi 337,429,18.65,False,"{""success"":false,""message"":""ThrottlerException: Too Many Requests"",""error"":{""code"":""TOO_MANY_REQUESTS""},""path"":""/api/v1/stations"",""timestamp"":""2026-08-11T09:06:34.033Z""}"
2026-08-11T16:06:34.021867,PBB,Bandung 338,429,19.77,False,"{""success"":false,""message"":""ThrottlerException: Too Many Requests"",""error"":{""code"":""TOO_MANY_REQUESTS""},""path"":""/api/v1/stations"",""timestamp"":""2026-08-11T09:06:34.037Z""}"
2026-08-11T16:06:34.024516,SBN,Lempuyangan 339,429,19.28,False,"{""success"":false,""message"":""ThrottlerException: Too Many Requests"",""error"":{""code"":""TOO_MANY_REQUESTS""},""path"":""/api/v1/stations"",""timestamp"":""2026-08-11T09:06:34.039Z""}"
2026-08-11T16:06:34.028062,PBC,Surabaya Gubeng 340,429,19.13,False,"{""success"":false,""message"":""ThrottlerException: Too Many Requests"",""error"":{""code"":""TOO_MANY_REQUESTS""},""path"":""/api/v1/stations"",""timestamp"":""2026-08-11T09:06:34.042Z""}"
2026-08-11T16:06:34.029186,BCI,Bekasi 341,429,20.24,False,"{""success"":false,""message"":""ThrottlerException: Too Many Requests"",""error"":{""code"":""TOO_MANY_REQUESTS""},""path"":""/api/v1/stations"",""timestamp"":""2026-08-11T09:06:34.044Z""}"
2026-08-11T16:06:34.030237,BCJ,Manado 342,429,21.33,False,"{""success"":false,""message"":""ThrottlerException: Too Many Requests"",""error"":{""code"":""TOO_MANY_REQUESTS""},""path"":""/api/v1/stations"",""timestamp"":""2026-08-11T09:06:34.047Z""}"
2026-08-11T16:06:34.040192,CAG,Cimahi 347,429,13.51,False,"{""success"":false,""message"":""ThrottlerException: Too Many Requests"",""error"":{""code"":""TOO_MANY_REQUESTS""},""path"":""/api/v1/stations"",""timestamp"":""2026-08-11T09:06:34.050Z""}"
2026-08-11T16:06:34.042286,BCK,Manggarai 348,429,14.2,False,"{""success"":false,""message"":""ThrottlerException: Too Many Requests"",""error"":{""code"":""TOO_MANY_REQUESTS""},""path"":""/api/v1/stations"",""timestamp"":""2026-08-11T09:06:34.053Z""}"
2026-08-11T16:06:34.045399,JAQ,Semarang Tawang 349,429,16.77,False,"{""success"":false,""message"":""ThrottlerException: Too Many Requests"",""error"":{""code"":""TOO_MANY_REQUESTS""},""path"":""/api/v1/stations"",""timestamp"":""2026-08-11T09:06:34.058Z""}"
2026-08-11T16:06:34.032277,DAW,Bogor 343,429,34.94,False,"{""success"":false,""message"":""ThrottlerException: Too Many Requests"",""error"":{""code"":""TOO_MANY_REQUESTS""},""path"":""/api/v1/stations"",""timestamp"":""2026-08-11T09:06:34.065Z""}"
2026-08-11T16:06:34.034348,MBX,Manado 344,429,35.97,False,"{""success"":false,""message"":""ThrottlerException: Too Many Requests"",""error"":{""code"":""TOO_MANY_REQUESTS""},""path"":""/api/v1/stations"",""timestamp"":""2026-08-11T09:06:34.067Z""}"
2026-08-11T16:06:34.036308,SBO,Kiaracondong 345,429,36.1,False,"{""success"":false,""message"":""ThrottlerException: Too Many Requests"",""error"":{""code"":""TOO_MANY_REQUESTS""},""path"":""/api/v1/stations"",""timestamp"":""2026-08-11T09:06:34.070Z""}"
2026-08-11T16:06:34.038291,MBY,Malang 346,429,36.52,False,"{""success"":false,""message"":""ThrottlerException: Too Many Requests"",""error"":{""code"":""TOO_MANY_REQUESTS""},""path"":""/api/v1/stations"",""timestamp"":""2026-08-11T09:06:34.072Z""}"
2026-08-11T16:06:34.054246,BCM,Madiun 353,429,23.66,False,"{""success"":false,""message"":""ThrottlerException: Too Many Requests"",""error"":{""code"":""TOO_MANY_REQUESTS""},""path"":""/api/v1/stations"",""timestamp"":""2026-08-11T09:06:34.075Z""}"
2026-08-11T16:06:34.056985,SBQ,Jayapura 354,429,23.05,False,"{""success"":false,""message"":""ThrottlerException: Too Many Requests"",""error"":{""code"":""TOO_MANY_REQUESTS""},""path"":""/api/v1/stations"",""timestamp"":""2026-08-11T09:06:34.077Z""}"
2026-08-11T16:06:34.062632,SBR,Surabaya Gubeng 355,429,20.05,False,"{""success"":false,""message"":""ThrottlerException: Too Many Requests"",""error"":{""code"":""TOO_MANY_REQUESTS""},""path"":""/api/v1/stations"",""timestamp"":""2026-08-11T09:06:34.080Z""}"
2026-08-11T16:06:34.067731,DAX,Surabaya Pasar Turi 356,429,17.38,False,"{""success"":false,""message"":""ThrottlerException: Too Many Requests"",""error"":{""code"":""TOO_MANY_REQUESTS""},""path"":""/api/v1/stations"",""timestamp"":""2026-08-11T09:06:34.082Z""}"
2026-08-11T16:06:34.070833,TBG,Yogyakarta 357,429,16.31,False,"{""success"":false,""message"":""ThrottlerException: Too Many Requests"",""error"":{""code"":""TOO_MANY_REQUESTS""},""path"":""/api/v1/stations"",""timestamp"":""2026-08-11T09:06:34.085Z""}"
2026-08-11T16:06:34.048025,SBP,Manggarai 350,429,41.96,False,"{""success"":false,""message"":""ThrottlerException: Too Many Requests"",""error"":{""code"":""TOO_MANY_REQUESTS""},""path"":""/api/v1/stations"",""timestamp"":""2026-08-11T09:06:34.087Z""}"
2026-08-11T16:06:34.050029,MBZ,Balikpapan 351,429,43.54,False,"{""success"":false,""message"":""ThrottlerException: Too Many Requests"",""error"":{""code"":""TOO_MANY_REQUESTS""},""path"":""/api/v1/stations"",""timestamp"":""2026-08-11T09:06:34.090Z""}"
2026-08-11T16:06:34.052072,BCL,Banjarmasin 352,429,44.15,False,"{""success"":false,""message"":""ThrottlerException: Too Many Requests"",""error"":{""code"":""TOO_MANY_REQUESTS""},""path"":""/api/v1/stations"",""timestamp"":""2026-08-11T09:06:34.093Z""}"
2026-08-11T16:06:34.078461,MCC,Pasar Senen 360,429,19.9,False,"{""success"":false,""message"":""ThrottlerException: Too Many Requests"",""error"":{""code"":""TOO_MANY_REQUESTS""},""path"":""/api/v1/stations"",""timestamp"":""2026-08-11T09:06:34.096Z""}"
2026-08-11T16:06:34.080519,JAR,Kiaracondong 361,429,23.66,False,"{""success"":false,""message"":""ThrottlerException: Too Many Requests"",""error"":{""code"":""TOO_MANY_REQUESTS""},""path"":""/api/v1/stations"",""timestamp"":""2026-08-11T09:06:34.099Z""}"
2026-08-11T16:06:34.083232,KBB,Denpasar 362,429,22.72,False,"{""success"":false,""message"":""ThrottlerException: Too Many Requests"",""error"":{""code"":""TOO_MANY_REQUESTS""},""path"":""/api/v1/stations"",""timestamp"":""2026-08-11T09:06:34.101Z""}"
2026-08-11T16:06:34.085627,TBH,Semarang Tawang 363,429,26.17,False,"{""success"":false,""message"":""ThrottlerException: Too Many Requests"",""error"":{""code"":""TOO_MANY_REQUESTS""},""path"":""/api/v1/stations"",""timestamp"":""2026-08-11T09:06:34.103Z""}"
2026-08-11T16:06:34.087846,SBS,Bandung 364,429,24.57,False,"{""success"":false,""message"":""ThrottlerException: Too Many Requests"",""error"":{""code"":""TOO_MANY_REQUESTS""},""path"":""/api/v1/stations"",""timestamp"":""2026-08-11T09:06:34.106Z""}"
2026-08-11T16:06:34.092197,BCN,Ketapang 365,429,23.14,False,"{""success"":false,""message"":""ThrottlerException: Too Many Requests"",""error"":{""code"":""TOO_MANY_REQUESTS""},""path"":""/api/v1/stations"",""timestamp"":""2026-08-11T09:06:34.109Z""}"
2026-08-11T16:06:34.072937,MCA,Surabaya Pasar Turi 358,429,44.77,False,"{""success"":false,""message"":""ThrottlerException: Too Many Requests"",""error"":{""code"":""TOO_MANY_REQUESTS""},""path"":""/api/v1/stations"",""timestamp"":""2026-08-11T09:06:34.111Z""}"
2026-08-11T16:06:34.076437,MCB,Cirebon 359,429,41.91,False,"{""success"":false,""message"":""ThrottlerException: Too Many Requests"",""error"":{""code"":""TOO_MANY_REQUESTS""},""path"":""/api/v1/stations"",""timestamp"":""2026-08-11T09:06:34.114Z""}"
2026-08-11T16:06:34.102445,SBU,Kiaracondong 368,429,18.83,False,"{""success"":false,""message"":""ThrottlerException: Too Many Requests"",""error"":{""code"":""TOO_MANY_REQUESTS""},""path"":""/api/v1/stations"",""timestamp"":""2026-08-11T09:06:34.117Z""}"
2026-08-11T16:06:34.104809,SBV,Malang 369,429,19.1,False,"{""success"":false,""message"":""ThrottlerException: Too Many Requests"",""error"":{""code"":""TOO_MANY_REQUESTS""},""path"":""/api/v1/stations"",""timestamp"":""2026-08-11T09:06:34.119Z""}"
2026-08-11T16:06:34.110338,MCD,Banjarmasin 370,429,15.19,False,"{""success"":false,""message"":""ThrottlerException: Too Many Requests"",""error"":{""code"":""TOO_MANY_REQUESTS""},""path"":""/api/v1/stations"",""timestamp"":""2026-08-11T09:06:34.122Z""}"
2026-08-11T16:06:34.113088,KBC,Pontianak 371,429,14.41,False,"{""success"":false,""message"":""ThrottlerException: Too Many Requests"",""error"":{""code"":""TOO_MANY_REQUESTS""},""path"":""/api/v1/stations"",""timestamp"":""2026-08-11T09:06:34.124Z""}"
2026-08-11T16:06:34.094350,SBT,Kiaracondong 366,429,35.32,False,"{""success"":false,""message"":""ThrottlerException: Too Many Requests"",""error"":{""code"":""TOO_MANY_REQUESTS""},""path"":""/api/v1/stations"",""timestamp"":""2026-08-11T09:06:34.127Z""}"
2026-08-11T16:06:34.096614,PBD,Bandung 367,429,35.43,False,"{""success"":false,""message"":""ThrottlerException: Too Many Requests"",""error"":{""code"":""TOO_MANY_REQUESTS""},""path"":""/api/v1/stations"",""timestamp"":""2026-08-11T09:06:34.129Z""}"
2026-08-11T16:06:34.122572,DAY,Cimahi 376,429,12.05,False,"{""success"":false,""message"":""ThrottlerException: Too Many Requests"",""error"":{""code"":""TOO_MANY_REQUESTS""},""path"":""/api/v1/stations"",""timestamp"":""2026-08-11T09:06:34.132Z""}"
2026-08-11T16:06:34.124477,JAS,Jayapura 377,429,13.42,False,"{""success"":false,""message"":""ThrottlerException: Too Many Requests"",""error"":{""code"":""TOO_MANY_REQUESTS""},""path"":""/api/v1/stations"",""timestamp"":""2026-08-11T09:06:34.135Z""}"
2026-08-11T16:06:34.126070,MCE,Solo Balapan 378,429,15.02,False,"{""success"":false,""message"":""ThrottlerException: Too Many Requests"",""error"":{""code"":""TOO_MANY_REQUESTS""},""path"":""/api/v1/stations"",""timestamp"":""2026-08-11T09:06:34.138Z""}"
2026-08-11T16:06:34.127927,JAT,Bekasi 379,429,16.05,False,"{""success"":false,""message"":""ThrottlerException: Too Many Requests"",""error"":{""code"":""TOO_MANY_REQUESTS""},""path"":""/api/v1/stations"",""timestamp"":""2026-08-11T09:06:34.141Z""}"
2026-08-11T16:06:34.114176,TBI,Ketapang 372,429,32.63,False,"{""success"":false,""message"":""ThrottlerException: Too Many Requests"",""error"":{""code"":""TOO_MANY_REQUESTS""},""path"":""/api/v1/stations"",""timestamp"":""2026-08-11T09:06:34.144Z""}"
2026-08-11T16:06:34.115913,PBE,Pasar Senen 373,429,33.36,False,"{""success"":false,""message"":""ThrottlerException: Too Many Requests"",""error"":{""code"":""TOO_MANY_REQUESTS""},""path"":""/api/v1/stations"",""timestamp"":""2026-08-11T09:06:34.146Z""}"
2026-08-11T16:06:34.118968,AAF,Bogor 374,429,38.31,False,"{""success"":false,""message"":""ThrottlerException: Too Many Requests"",""error"":{""code"":""TOO_MANY_REQUESTS""},""path"":""/api/v1/stations"",""timestamp"":""2026-08-11T09:06:34.154Z""}"
2026-08-11T16:06:34.119945,PBF,Jatinegara 375,429,40.67,False,"{""success"":false,""message"":""ThrottlerException: Too Many Requests"",""error"":{""code"":""TOO_MANY_REQUESTS""},""path"":""/api/v1/stations"",""timestamp"":""2026-08-11T09:06:34.157Z""}"
2026-08-11T16:06:34.135075,TBJ,Lempuyangan 382,429,28.48,False,"{""success"":false,""message"":""ThrottlerException: Too Many Requests"",""error"":{""code"":""TOO_MANY_REQUESTS""},""path"":""/api/v1/stations"",""timestamp"":""2026-08-11T09:06:34.160Z""}"
2026-08-11T16:06:34.138860,BCO,Gambir 383,429,28.52,False,"{""success"":false,""message"":""ThrottlerException: Too Many Requests"",""error"":{""code"":""TOO_MANY_REQUESTS""},""path"":""/api/v1/stations"",""timestamp"":""2026-08-11T09:06:34.162Z""}"
2026-08-11T16:06:34.141521,AAG,Manggarai 384,429,28.16,False,"{""success"":false,""message"":""ThrottlerException: Too Many Requests"",""error"":{""code"":""TOO_MANY_REQUESTS""},""path"":""/api/v1/stations"",""timestamp"":""2026-08-11T09:06:34.166Z""}"
2026-08-11T16:06:34.144335,MCF,Jayapura 385,429,28.28,False,"{""success"":false,""message"":""ThrottlerException: Too Many Requests"",""error"":{""code"":""TOO_MANY_REQUESTS""},""path"":""/api/v1/stations"",""timestamp"":""2026-08-11T09:06:34.169Z""}"
2026-08-11T16:06:34.147504,BCP,Gambir 386,429,27.64,False,"{""success"":false,""message"":""ThrottlerException: Too Many Requests"",""error"":{""code"":""TOO_MANY_REQUESTS""},""path"":""/api/v1/stations"",""timestamp"":""2026-08-11T09:06:34.172Z""}"
2026-08-11T16:06:34.150022,MCG,Pontianak 387,429,28.19,False,"{""success"":false,""message"":""ThrottlerException: Too Many Requests"",""error"":{""code"":""TOO_MANY_REQUESTS""},""path"":""/api/v1/stations"",""timestamp"":""2026-08-11T09:06:34.175Z""}"
2026-08-11T16:06:34.130186,SBW,Banyuwangi 380,429,50.94,False,"{""success"":false,""message"":""ThrottlerException: Too Many Requests"",""error"":{""code"":""TOO_MANY_REQUESTS""},""path"":""/api/v1/stations"",""timestamp"":""2026-08-11T09:06:34.178Z""}"
2026-08-11T16:06:34.132449,PBG,Bogor 381,429,53.53,False,"{""success"":false,""message"":""ThrottlerException: Too Many Requests"",""error"":{""code"":""TOO_MANY_REQUESTS""},""path"":""/api/v1/stations"",""timestamp"":""2026-08-11T09:06:34.181Z""}"
2026-08-11T16:06:34.164369,BCR,Denpasar 390,429,23.69,False,"{""success"":false,""message"":""ThrottlerException: Too Many Requests"",""error"":{""code"":""TOO_MANY_REQUESTS""},""path"":""/api/v1/stations"",""timestamp"":""2026-08-11T09:06:34.185Z""}"
2026-08-11T16:06:34.168092,TBK,Pasar Senen 391,429,25.41,False,"{""success"":false,""message"":""ThrottlerException: Too Many Requests"",""error"":{""code"":""TOO_MANY_REQUESTS""},""path"":""/api/v1/stations"",""timestamp"":""2026-08-11T09:06:34.187Z""}"
2026-08-11T16:06:34.170225,PBH,Manggarai 392,429,26.69,False,"{""success"":false,""message"":""ThrottlerException: Too Many Requests"",""error"":{""code"":""TOO_MANY_REQUESTS""},""path"":""/api/v1/stations"",""timestamp"":""2026-08-11T09:06:34.190Z""}"
2026-08-11T16:06:34.173466,KBD,Jember 393,429,30.21,False,"{""success"":false,""message"":""ThrottlerException: Too Many Requests"",""error"":{""code"":""TOO_MANY_REQUESTS""},""path"":""/api/v1/stations"",""timestamp"":""2026-08-11T09:06:34.192Z""}"
2026-08-11T16:06:34.175866,DAZ,Banjarmasin 394,429,30.11,False,"{""success"":false,""message"":""ThrottlerException: Too Many Requests"",""error"":{""code"":""TOO_MANY_REQUESTS""},""path"":""/api/v1/stations"",""timestamp"":""2026-08-11T09:06:34.194Z""}"
2026-08-11T16:06:34.178794,MCI,Madiun 395,429,28.16,False,"{""success"":false,""message"":""ThrottlerException: Too Many Requests"",""error"":{""code"":""TOO_MANY_REQUESTS""},""path"":""/api/v1/stations"",""timestamp"":""2026-08-11T09:06:34.197Z""}"
2026-08-11T16:06:34.158069,MCH,Banjarmasin 388,429,49.39,False,"{""success"":false,""message"":""ThrottlerException: Too Many Requests"",""error"":{""code"":""TOO_MANY_REQUESTS""},""path"":""/api/v1/stations"",""timestamp"":""2026-08-11T09:06:34.199Z""}"
2026-08-11T16:06:34.161494,BCQ,Pasar Senen 389,429,52.08,False,"{""success"":false,""message"":""ThrottlerException: Too Many Requests"",""error"":{""code"":""TOO_MANY_REQUESTS""},""path"":""/api/v1/stations"",""timestamp"":""2026-08-11T09:06:34.202Z""}"
2026-08-11T16:06:34.191469,MCJ,Samarinda 398,429,25.32,False,"{""success"":false,""message"":""ThrottlerException: Too Many Requests"",""error"":{""code"":""TOO_MANY_REQUESTS""},""path"":""/api/v1/stations"",""timestamp"":""2026-08-11T09:06:34.204Z""}"
2026-08-11T16:06:34.194713,PBK,Makassar 399,429,22.87,False,"{""success"":false,""message"":""ThrottlerException: Too Many Requests"",""error"":{""code"":""TOO_MANY_REQUESTS""},""path"":""/api/v1/stations"",""timestamp"":""2026-08-11T09:06:34.206Z""}"
2026-08-11T16:06:34.184255,PBI,Gambir 396,429,36.31,False,"{""success"":false,""message"":""ThrottlerException: Too Many Requests"",""error"":{""code"":""TOO_MANY_REQUESTS""},""path"":""/api/v1/stations"",""timestamp"":""2026-08-11T09:06:34.209Z""}"
2026-08-11T16:06:34.186573,PBJ,Manado 397,429,36.48,False,"{""success"":false,""message"":""ThrottlerException: Too Many Requests"",""error"":{""code"":""TOO_MANY_REQUESTS""},""path"":""/api/v1/stations"",""timestamp"":""2026-08-11T09:06:34.215Z""}"
2026-08-11T16:06:34.202255,SBX,Lempuyangan 400,429,23.46,False,"{""success"":false,""message"":""ThrottlerException: Too Many Requests"",""error"":{""code"":""TOO_MANY_REQUESTS""},""path"":""/api/v1/stations"",""timestamp"":""2026-08-11T09:06:34.219Z""}"
2026-08-11T16:06:34.204709,KBE,Surabaya Pasar Turi 401,429,23.55,False,"{""success"":false,""message"":""ThrottlerException: Too Many Requests"",""error"":{""code"":""TOO_MANY_REQUESTS""},""path"":""/api/v1/stations"",""timestamp"":""2026-08-11T09:06:34.223Z""}"
2026-08-11T16:06:34.208205,TBL,Ketapang 402,429,24.6,False,"{""success"":false,""message"":""ThrottlerException: Too Many Requests"",""error"":{""code"":""TOO_MANY_REQUESTS""},""path"":""/api/v1/stations"",""timestamp"":""2026-08-11T09:06:34.225Z""}"
2026-08-11T16:06:34.209257,JAU,Manggarai 403,429,26.0,False,"{""success"":false,""message"":""ThrottlerException: Too Many Requests"",""error"":{""code"":""TOO_MANY_REQUESTS""},""path"":""/api/v1/stations"",""timestamp"":""2026-08-11T09:06:34.229Z""}"
2026-08-11T16:06:34.211221,KBF,Manado 404,429,26.28,False,"{""success"":false,""message"":""ThrottlerException: Too Many Requests"",""error"":{""code"":""TOO_MANY_REQUESTS""},""path"":""/api/v1/stations"",""timestamp"":""2026-08-11T09:06:34.232Z""}"
2026-08-11T16:06:34.215460,MCK,Malang 405,429,24.39,False,"{""success"":false,""message"":""ThrottlerException: Too Many Requests"",""error"":{""code"":""TOO_MANY_REQUESTS""},""path"":""/api/v1/stations"",""timestamp"":""2026-08-11T09:06:34.234Z""}"
2026-08-11T16:06:34.226485,BCU,Ketapang 410,429,15.18,False,"{""success"":false,""message"":""ThrottlerException: Too Many Requests"",""error"":{""code"":""TOO_MANY_REQUESTS""},""path"":""/api/v1/stations"",""timestamp"":""2026-08-11T09:06:34.236Z""}"
2026-08-11T16:06:34.230373,TBM,Banjarmasin 411,429,15.78,False,"{""success"":false,""message"":""ThrottlerException: Too Many Requests"",""error"":{""code"":""TOO_MANY_REQUESTS""},""path"":""/api/v1/stations"",""timestamp"":""2026-08-11T09:06:34.239Z""}"
2026-08-11T16:06:34.218403,SBZ,Kiaracondong 406,429,28.4,False,"{""success"":false,""message"":""ThrottlerException: Too Many Requests"",""error"":{""code"":""TOO_MANY_REQUESTS""},""path"":""/api/v1/stations"",""timestamp"":""2026-08-11T09:06:34.241Z""}"
2026-08-11T16:06:34.219453,BCS,Gambir 407,429,30.68,False,"{""success"":false,""message"":""ThrottlerException: Too Many Requests"",""error"":{""code"":""TOO_MANY_REQUESTS""},""path"":""/api/v1/stations"",""timestamp"":""2026-08-11T09:06:34.244Z""}"
2026-08-11T16:06:34.221829,AAH,Mataram 408,429,30.57,False,"{""success"":false,""message"":""ThrottlerException: Too Many Requests"",""error"":{""code"":""TOO_MANY_REQUESTS""},""path"":""/api/v1/stations"",""timestamp"":""2026-08-11T09:06:34.247Z""}"
2026-08-11T16:06:34.223923,BCT,Bekasi 409,429,31.54,False,"{""success"":false,""message"":""ThrottlerException: Too Many Requests"",""error"":{""code"":""TOO_MANY_REQUESTS""},""path"":""/api/v1/stations"",""timestamp"":""2026-08-11T09:06:34.250Z""}"
2026-08-11T16:06:34.243975,MCO,Pontianak 416,429,13.64,False,"{""success"":false,""message"":""ThrottlerException: Too Many Requests"",""error"":{""code"":""TOO_MANY_REQUESTS""},""path"":""/api/v1/stations"",""timestamp"":""2026-08-11T09:06:34.252Z""}"
2026-08-11T16:06:34.247222,SCA,Bogor 417,429,13.96,False,"{""success"":false,""message"":""ThrottlerException: Too Many Requests"",""error"":{""code"":""TOO_MANY_REQUESTS""},""path"":""/api/v1/stations"",""timestamp"":""2026-08-11T09:06:34.254Z""}"
2026-08-11T16:06:34.248349,BCW,Lempuyangan 418,429,15.16,False,"{""success"":false,""message"":""ThrottlerException: Too Many Requests"",""error"":{""code"":""TOO_MANY_REQUESTS""},""path"":""/api/v1/stations"",""timestamp"":""2026-08-11T09:06:34.257Z""}"
2026-08-11T16:06:34.233885,BCV,Solo Balapan 412,429,31.94,False,"{""success"":false,""message"":""ThrottlerException: Too Many Requests"",""error"":{""code"":""TOO_MANY_REQUESTS""},""path"":""/api/v1/stations"",""timestamp"":""2026-08-11T09:06:34.260Z""}"
2026-08-11T16:06:34.236300,MCL,Solo Balapan 413,429,31.49,False,"{""success"":false,""message"":""ThrottlerException: Too Many Requests"",""error"":{""code"":""TOO_MANY_REQUESTS""},""path"":""/api/v1/stations"",""timestamp"":""2026-08-11T09:06:34.262Z""}"
2026-08-11T16:06:34.238595,MCM,Malang 414,429,31.12,False,"{""success"":false,""message"":""ThrottlerException: Too Many Requests"",""error"":{""code"":""TOO_MANY_REQUESTS""},""path"":""/api/v1/stations"",""timestamp"":""2026-08-11T09:06:34.265Z""}"
2026-08-11T16:06:34.240587,MCN,Mataram 415,429,31.11,False,"{""success"":false,""message"":""ThrottlerException: Too Many Requests"",""error"":{""code"":""TOO_MANY_REQUESTS""},""path"":""/api/v1/stations"",""timestamp"":""2026-08-11T09:06:34.268Z""}"
2026-08-11T16:06:34.260114,AAI,Mataram 422,429,13.88,False,"{""success"":false,""message"":""ThrottlerException: Too Many Requests"",""error"":{""code"":""TOO_MANY_REQUESTS""},""path"":""/api/v1/stations"",""timestamp"":""2026-08-11T09:06:34.270Z""}"
2026-08-11T16:06:34.262111,TBN,Bandung 423,429,15.94,False,"{""success"":false,""message"":""ThrottlerException: Too Many Requests"",""error"":{""code"":""TOO_MANY_REQUESTS""},""path"":""/api/v1/stations"",""timestamp"":""2026-08-11T09:06:34.275Z""}"
2026-08-11T16:06:34.264538,KBG,Makassar 424,429,18.97,False,"{""success"":false,""message"":""ThrottlerException: Too Many Requests"",""error"":{""code"":""TOO_MANY_REQUESTS""},""path"":""/api/v1/stations"",""timestamp"":""2026-08-11T09:06:34.280Z""}"
2026-08-11T16:06:34.266423,DBB,Makassar 425,429,21.62,False,"{""success"":false,""message"":""ThrottlerException: Too Many Requests"",""error"":{""code"":""TOO_MANY_REQUESTS""},""path"":""/api/v1/stations"",""timestamp"":""2026-08-11T09:06:34.285Z""}"
2026-08-11T16:06:34.250965,SCB,Surabaya Pasar Turi 419,429,43.89,False,"{""success"":false,""message"":""ThrottlerException: Too Many Requests"",""error"":{""code"":""TOO_MANY_REQUESTS""},""path"":""/api/v1/stations"",""timestamp"":""2026-08-11T09:06:34.289Z""}"
2026-08-11T16:06:34.253302,DBA,Bandung 420,429,43.83,False,"{""success"":false,""message"":""ThrottlerException: Too Many Requests"",""error"":{""code"":""TOO_MANY_REQUESTS""},""path"":""/api/v1/stations"",""timestamp"":""2026-08-11T09:06:34.292Z""}"
2026-08-11T16:06:34.256329,SCC,Jayapura 421,429,43.14,False,"{""success"":false,""message"":""ThrottlerException: Too Many Requests"",""error"":{""code"":""TOO_MANY_REQUESTS""},""path"":""/api/v1/stations"",""timestamp"":""2026-08-11T09:06:34.295Z""}"
2026-08-11T16:06:34.276299,PBL,Bogor 429,429,26.28,False,"{""success"":false,""message"":""ThrottlerException: Too Many Requests"",""error"":{""code"":""TOO_MANY_REQUESTS""},""path"":""/api/v1/stations"",""timestamp"":""2026-08-11T09:06:34.299Z""}"
2026-08-11T16:06:34.278831,SCF,Banyuwangi 430,429,28.2,False,"{""success"":false,""message"":""ThrottlerException: Too Many Requests"",""error"":{""code"":""TOO_MANY_REQUESTS""},""path"":""/api/v1/stations"",""timestamp"":""2026-08-11T09:06:34.304Z""}"
2026-08-11T16:06:34.284199,SCG,Manado 431,429,26.57,False,"{""success"":false,""message"":""ThrottlerException: Too Many Requests"",""error"":{""code"":""TOO_MANY_REQUESTS""},""path"":""/api/v1/stations"",""timestamp"":""2026-08-11T09:06:34.307Z""}"
2026-08-11T16:06:34.292599,SCH,Bekasi 432,429,20.92,False,"{""success"":false,""message"":""ThrottlerException: Too Many Requests"",""error"":{""code"":""TOO_MANY_REQUESTS""},""path"":""/api/v1/stations"",""timestamp"":""2026-08-11T09:06:34.310Z""}"
2026-08-11T16:06:34.268540,SCD,Lempuyangan 426,429,48.4,False,"{""success"":false,""message"":""ThrottlerException: Too Many Requests"",""error"":{""code"":""TOO_MANY_REQUESTS""},""path"":""/api/v1/stations"",""timestamp"":""2026-08-11T09:06:34.314Z""}"
2026-08-11T16:06:34.270315,MCP,Bekasi 427,429,49.61,False,"{""success"":false,""message"":""ThrottlerException: Too Many Requests"",""error"":{""code"":""TOO_MANY_REQUESTS""},""path"":""/api/v1/stations"",""timestamp"":""2026-08-11T09:06:34.317Z""}"
2026-08-11T16:06:34.272379,SCE,Gambir 428,429,51.17,False,"{""success"":false,""message"":""ThrottlerException: Too Many Requests"",""error"":{""code"":""TOO_MANY_REQUESTS""},""path"":""/api/v1/stations"",""timestamp"":""2026-08-11T09:06:34.320Z""}"
2026-08-11T16:06:34.304574,BCY,Banjarmasin 436,429,22.63,False,"{""success"":false,""message"":""ThrottlerException: Too Many Requests"",""error"":{""code"":""TOO_MANY_REQUESTS""},""path"":""/api/v1/stations"",""timestamp"":""2026-08-11T09:06:34.324Z""}"
2026-08-11T16:06:34.307779,SCI,Bogor 437,429,22.53,False,"{""success"":false,""message"":""ThrottlerException: Too Many Requests"",""error"":{""code"":""TOO_MANY_REQUESTS""},""path"":""/api/v1/stations"",""timestamp"":""2026-08-11T09:06:34.327Z""}"
2026-08-11T16:06:34.311391,TBO,Pontianak 438,429,21.13,False,"{""success"":false,""message"":""ThrottlerException: Too Many Requests"",""error"":{""code"":""TOO_MANY_REQUESTS""},""path"":""/api/v1/stations"",""timestamp"":""2026-08-11T09:06:34.329Z""}"
2026-08-11T16:06:34.314377,BCZ,Banjarmasin 439,429,20.46,False,"{""success"":false,""message"":""ThrottlerException: Too Many Requests"",""error"":{""code"":""TOO_MANY_REQUESTS""},""path"":""/api/v1/stations"",""timestamp"":""2026-08-11T09:06:34.332Z""}"
2026-08-11T16:06:34.317454,GAE,Cimahi 440,429,20.4,False,"{""success"":false,""message"":""ThrottlerException: Too Many Requests"",""error"":{""code"":""TOO_MANY_REQUESTS""},""path"":""/api/v1/stations"",""timestamp"":""2026-08-11T09:06:34.335Z""}"
2026-08-11T16:06:34.295744,YAL,Pontianak 433,429,44.12,False,"{""success"":false,""message"":""ThrottlerException: Too Many Requests"",""error"":{""code"":""TOO_MANY_REQUESTS""},""path"":""/api/v1/stations"",""timestamp"":""2026-08-11T09:06:34.337Z""}"
2026-08-11T16:06:34.297799,KBH,Denpasar 434,429,45.08,False,"{""success"":false,""message"":""ThrottlerException: Too Many Requests"",""error"":{""code"":""TOO_MANY_REQUESTS""},""path"":""/api/v1/stations"",""timestamp"":""2026-08-11T09:06:34.340Z""}"
2026-08-11T16:06:34.299991,BCX,Lempuyangan 435,429,47.11,False,"{""success"":false,""message"":""ThrottlerException: Too Many Requests"",""error"":{""code"":""TOO_MANY_REQUESTS""},""path"":""/api/v1/stations"",""timestamp"":""2026-08-11T09:06:34.344Z""}"
2026-08-11T16:06:34.327664,SCJ,Manggarai 443,429,23.34,False,"{""success"":false,""message"":""ThrottlerException: Too Many Requests"",""error"":{""code"":""TOO_MANY_REQUESTS""},""path"":""/api/v1/stations"",""timestamp"":""2026-08-11T09:06:34.348Z""}"
2026-08-11T16:06:34.330913,SCK,Banyuwangi 444,429,23.76,False,"{""success"":false,""message"":""ThrottlerException: Too Many Requests"",""error"":{""code"":""TOO_MANY_REQUESTS""},""path"":""/api/v1/stations"",""timestamp"":""2026-08-11T09:06:34.352Z""}"
2026-08-11T16:06:34.333199,SCL,Pontianak 445,429,26.08,False,"{""success"":false,""message"":""ThrottlerException: Too Many Requests"",""error"":{""code"":""TOO_MANY_REQUESTS""},""path"":""/api/v1/stations"",""timestamp"":""2026-08-11T09:06:34.354Z""}"
2026-08-11T16:06:34.335790,DBD,Balikpapan 446,429,25.56,False,"{""success"":false,""message"":""ThrottlerException: Too Many Requests"",""error"":{""code"":""TOO_MANY_REQUESTS""},""path"":""/api/v1/stations"",""timestamp"":""2026-08-11T09:06:34.357Z""}"
2026-08-11T16:06:34.338375,KBI,Semarang Poncol 447,429,25.43,False,"{""success"":false,""message"":""ThrottlerException: Too Many Requests"",""error"":{""code"":""TOO_MANY_REQUESTS""},""path"":""/api/v1/stations"",""timestamp"":""2026-08-11T09:06:34.359Z""}"
2026-08-11T16:06:34.340436,MCQ,Surabaya Gubeng 448,429,25.84,False,"{""success"":false,""message"":""ThrottlerException: Too Many Requests"",""error"":{""code"":""TOO_MANY_REQUESTS""},""path"":""/api/v1/stations"",""timestamp"":""2026-08-11T09:06:34.361Z""}"
2026-08-11T16:06:34.343400,MCR,Malang 449,429,31.14,False,"{""success"":false,""message"":""ThrottlerException: Too Many Requests"",""error"":{""code"":""TOO_MANY_REQUESTS""},""path"":""/api/v1/stations"",""timestamp"":""2026-08-11T09:06:34.363Z""}"
2026-08-11T16:06:34.320675,TBP,Pontianak 441,429,54.55,False,"{""success"":false,""message"":""ThrottlerException: Too Many Requests"",""error"":{""code"":""TOO_MANY_REQUESTS""},""path"":""/api/v1/stations"",""timestamp"":""2026-08-11T09:06:34.366Z""}"
2026-08-11T16:06:34.324205,DBC,Samarinda 442,429,52.12,False,"{""success"":false,""message"":""ThrottlerException: Too Many Requests"",""error"":{""code"":""TOO_MANY_REQUESTS""},""path"":""/api/v1/stations"",""timestamp"":""2026-08-11T09:06:34.369Z""}"
2026-08-11T16:06:34.351460,MCS,Makassar 451,429,29.06,False,"{""success"":false,""message"":""ThrottlerException: Too Many Requests"",""error"":{""code"":""TOO_MANY_REQUESTS""},""path"":""/api/v1/stations"",""timestamp"":""2026-08-11T09:06:34.371Z""}"
2026-08-11T16:06:34.357713,BDB,Lempuyangan 452,429,24.71,False,"{""success"":false,""message"":""ThrottlerException: Too Many Requests"",""error"":{""code"":""TOO_MANY_REQUESTS""},""path"":""/api/v1/stations"",""timestamp"":""2026-08-11T09:06:34.374Z""}"
2026-08-11T16:06:34.359888,MCT,Jatinegara 453,429,24.65,False,"{""success"":false,""message"":""ThrottlerException: Too Many Requests"",""error"":{""code"":""TOO_MANY_REQUESTS""},""path"":""/api/v1/stations"",""timestamp"":""2026-08-11T09:06:34.376Z""}"
2026-08-11T16:06:34.362340,TBQ,Bekasi 454,429,22.74,False,"{""success"":false,""message"":""ThrottlerException: Too Many Requests"",""error"":{""code"":""TOO_MANY_REQUESTS""},""path"":""/api/v1/stations"",""timestamp"":""2026-08-11T09:06:34.378Z""}"
2026-08-11T16:06:34.364670,TBR,Pasar Senen 455,429,23.9,False,"{""success"":false,""message"":""ThrottlerException: Too Many Requests"",""error"":{""code"":""TOO_MANY_REQUESTS""},""path"":""/api/v1/stations"",""timestamp"":""2026-08-11T09:06:34.380Z""}"
2026-08-11T16:06:34.347507,BDA,Surabaya Pasar Turi 450,429,43.09,False,"{""success"":false,""message"":""ThrottlerException: Too Many Requests"",""error"":{""code"":""TOO_MANY_REQUESTS""},""path"":""/api/v1/stations"",""timestamp"":""2026-08-11T09:06:34.382Z""}"
2026-08-11T16:06:34.381281,JAV,Jatinegara 460,429,11.88,False,"{""success"":false,""message"":""ThrottlerException: Too Many Requests"",""error"":{""code"":""TOO_MANY_REQUESTS""},""path"":""/api/v1/stations"",""timestamp"":""2026-08-11T09:06:34.385Z""}"
2026-08-11T16:06:34.372750,GAF,Semarang Poncol 456,429,21.12,False,"{""success"":false,""message"":""ThrottlerException: Too Many Requests"",""error"":{""code"":""TOO_MANY_REQUESTS""},""path"":""/api/v1/stations"",""timestamp"":""2026-08-11T09:06:34.387Z""}"
2026-08-11T16:06:34.377027,SCM,Surabaya Gubeng 457,429,20.23,False,"{""success"":false,""message"":""ThrottlerException: Too Many Requests"",""error"":{""code"":""TOO_MANY_REQUESTS""},""path"":""/api/v1/stations"",""timestamp"":""2026-08-11T09:06:34.389Z""}"
2026-08-11T16:06:34.378056,SCN,Bogor 458,429,22.04,False,"{""success"":false,""message"":""ThrottlerException: Too Many Requests"",""error"":{""code"":""TOO_MANY_REQUESTS""},""path"":""/api/v1/stations"",""timestamp"":""2026-08-11T09:06:34.391Z""}"
2026-08-11T16:06:34.379182,SCO,Bandung 459,429,23.11,False,"{""success"":false,""message"":""ThrottlerException: Too Many Requests"",""error"":{""code"":""TOO_MANY_REQUESTS""},""path"":""/api/v1/stations"",""timestamp"":""2026-08-11T09:06:34.394Z""}"
2026-08-11T16:06:34.383445,SCP,Mataram 461,429,19.5,False,"{""success"":false,""message"":""ThrottlerException: Too Many Requests"",""error"":{""code"":""TOO_MANY_REQUESTS""},""path"":""/api/v1/stations"",""timestamp"":""2026-08-11T09:06:34.396Z""}"
2026-08-11T16:06:34.386043,MCU,Denpasar 462,429,20.53,False,"{""success"":false,""message"":""ThrottlerException: Too Many Requests"",""error"":{""code"":""TOO_MANY_REQUESTS""},""path"":""/api/v1/stations"",""timestamp"":""2026-08-11T09:06:34.399Z""}"
2026-08-11T16:06:34.387128,YAM,Bogor 463,429,21.82,False,"{""success"":false,""message"":""ThrottlerException: Too Many Requests"",""error"":{""code"":""TOO_MANY_REQUESTS""},""path"":""/api/v1/stations"",""timestamp"":""2026-08-11T09:06:34.401Z""}"
2026-08-11T16:06:34.389416,SCQ,Bekasi 464,429,22.62,False,"{""success"":false,""message"":""ThrottlerException: Too Many Requests"",""error"":{""code"":""TOO_MANY_REQUESTS""},""path"":""/api/v1/stations"",""timestamp"":""2026-08-11T09:06:34.403Z""}"
2026-08-11T16:06:34.391833,BDC,Malang 465,429,25.69,False,"{""success"":false,""message"":""ThrottlerException: Too Many Requests"",""error"":{""code"":""TOO_MANY_REQUESTS""},""path"":""/api/v1/stations"",""timestamp"":""2026-08-11T09:06:34.406Z""}"
2026-08-11T16:06:34.404602,KBJ,Banjarmasin 471,429,15.28,False,"{""success"":false,""message"":""ThrottlerException: Too Many Requests"",""error"":{""code"":""TOO_MANY_REQUESTS""},""path"":""/api/v1/stations"",""timestamp"":""2026-08-11T09:06:34.408Z""}"
2026-08-11T16:06:34.394484,SCR,Lempuyangan 466,429,25.98,False,"{""success"":false,""message"":""ThrottlerException: Too Many Requests"",""error"":{""code"":""TOO_MANY_REQUESTS""},""path"":""/api/v1/stations"",""timestamp"":""2026-08-11T09:06:34.410Z""}"
2026-08-11T16:06:34.395754,BDD,Pasar Senen 467,429,25.2,False,"{""success"":false,""message"":""ThrottlerException: Too Many Requests"",""error"":{""code"":""TOO_MANY_REQUESTS""},""path"":""/api/v1/stations"",""timestamp"":""2026-08-11T09:06:34.413Z""}"
2026-08-11T16:06:34.398830,BDE,Manado 468,429,26.17,False,"{""success"":false,""message"":""ThrottlerException: Too Many Requests"",""error"":{""code"":""TOO_MANY_REQUESTS""},""path"":""/api/v1/stations"",""timestamp"":""2026-08-11T09:06:34.415Z""}"
2026-08-11T16:06:34.401057,MCV,Bandung 469,429,26.89,False,"{""success"":false,""message"":""ThrottlerException: Too Many Requests"",""error"":{""code"":""TOO_MANY_REQUESTS""},""path"":""/api/v1/stations"",""timestamp"":""2026-08-11T09:06:34.417Z""}"
2026-08-11T16:06:34.403525,SCS,Malang 470,429,29.08,False,"{""success"":false,""message"":""ThrottlerException: Too Many Requests"",""error"":{""code"":""TOO_MANY_REQUESTS""},""path"":""/api/v1/stations"",""timestamp"":""2026-08-11T09:06:34.420Z""}"
2026-08-11T16:06:34.409772,KBK,Pasar Senen 472,429,23.56,False,"{""success"":false,""message"":""ThrottlerException: Too Many Requests"",""error"":{""code"":""TOO_MANY_REQUESTS""},""path"":""/api/v1/stations"",""timestamp"":""2026-08-11T09:06:34.422Z""}"
2026-08-11T16:06:34.410874,DBE,Pontianak 473,429,25.83,False,"{""success"":false,""message"":""ThrottlerException: Too Many Requests"",""error"":{""code"":""TOO_MANY_REQUESTS""},""path"":""/api/v1/stations"",""timestamp"":""2026-08-11T09:06:34.424Z""}"
2026-08-11T16:06:34.416261,BDF,Lempuyangan 474,429,21.37,False,"{""success"":false,""message"":""ThrottlerException: Too Many Requests"",""error"":{""code"":""TOO_MANY_REQUESTS""},""path"":""/api/v1/stations"",""timestamp"":""2026-08-11T09:06:34.428Z""}"
2026-08-11T16:06:34.418623,BDH,Mataram 475,429,22.86,False,"{""success"":false,""message"":""ThrottlerException: Too Many Requests"",""error"":{""code"":""TOO_MANY_REQUESTS""},""path"":""/api/v1/stations"",""timestamp"":""2026-08-11T09:06:34.431Z""}"
2026-08-11T16:06:34.421460,SCT,Surabaya Gubeng 476,429,23.99,False,"{""success"":false,""message"":""ThrottlerException: Too Many Requests"",""error"":{""code"":""TOO_MANY_REQUESTS""},""path"":""/api/v1/stations"",""timestamp"":""2026-08-11T09:06:34.434Z""}"
2026-08-11T16:06:34.422432,TBS,Gambir 477,429,28.97,False,"{""success"":false,""message"":""ThrottlerException: Too Many Requests"",""error"":{""code"":""TOO_MANY_REQUESTS""},""path"":""/api/v1/stations"",""timestamp"":""2026-08-11T09:06:34.437Z""}"
2026-08-11T16:06:34.423706,TBT,Semarang Poncol 478,429,28.7,False,"{""success"":false,""message"":""ThrottlerException: Too Many Requests"",""error"":{""code"":""TOO_MANY_REQUESTS""},""path"":""/api/v1/stations"",""timestamp"":""2026-08-11T09:06:34.439Z""}"
2026-08-11T16:06:34.426262,TBU,Surabaya Pasar Turi 479,429,26.92,False,"{""success"":false,""message"":""ThrottlerException: Too Many Requests"",""error"":{""code"":""TOO_MANY_REQUESTS""},""path"":""/api/v1/stations"",""timestamp"":""2026-08-11T09:06:34.442Z""}"
2026-08-11T16:06:34.431058,BDI,Banjarmasin 480,429,26.7,False,"{""success"":false,""message"":""ThrottlerException: Too Many Requests"",""error"":{""code"":""TOO_MANY_REQUESTS""},""path"":""/api/v1/stations"",""timestamp"":""2026-08-11T09:06:34.445Z""}"
2026-08-11T16:06:34.434301,MCW,Malang 481,429,27.31,False,"{""success"":false,""message"":""ThrottlerException: Too Many Requests"",""error"":{""code"":""TOO_MANY_REQUESTS""},""path"":""/api/v1/stations"",""timestamp"":""2026-08-11T09:06:34.447Z""}"
2026-08-11T16:06:34.435396,TBV,Gambir 482,429,30.12,False,"{""success"":false,""message"":""ThrottlerException: Too Many Requests"",""error"":{""code"":""TOO_MANY_REQUESTS""},""path"":""/api/v1/stations"",""timestamp"":""2026-08-11T09:06:34.450Z""}"
2026-08-11T16:06:34.438425,MCX,Bandung 483,429,31.36,False,"{""success"":false,""message"":""ThrottlerException: Too Many Requests"",""error"":{""code"":""TOO_MANY_REQUESTS""},""path"":""/api/v1/stations"",""timestamp"":""2026-08-11T09:06:34.453Z""}"
2026-08-11T16:06:34.439507,MCY,Denpasar 484,429,31.62,False,"{""success"":false,""message"":""ThrottlerException: Too Many Requests"",""error"":{""code"":""TOO_MANY_REQUESTS""},""path"":""/api/v1/stations"",""timestamp"":""2026-08-11T09:06:34.456Z""}"
2026-08-11T16:06:34.444136,TBW,Banyuwangi 485,429,29.33,False,"{""success"":false,""message"":""ThrottlerException: Too Many Requests"",""error"":{""code"":""TOO_MANY_REQUESTS""},""path"":""/api/v1/stations"",""timestamp"":""2026-08-11T09:06:34.459Z""}"
2026-08-11T16:06:34.450138,AAJ,Malang 486,429,28.97,False,"{""success"":false,""message"":""ThrottlerException: Too Many Requests"",""error"":{""code"":""TOO_MANY_REQUESTS""},""path"":""/api/v1/stations"",""timestamp"":""2026-08-11T09:06:34.462Z""}"
2026-08-11T16:06:34.454006,YAN,Bandung 487,429,28.1,False,"{""success"":false,""message"":""ThrottlerException: Too Many Requests"",""error"":{""code"":""TOO_MANY_REQUESTS""},""path"":""/api/v1/stations"",""timestamp"":""2026-08-11T09:06:34.465Z""}"
2026-08-11T16:06:34.455062,AAK,Banjarmasin 488,429,27.88,False,"{""success"":false,""message"":""ThrottlerException: Too Many Requests"",""error"":{""code"":""TOO_MANY_REQUESTS""},""path"":""/api/v1/stations"",""timestamp"":""2026-08-11T09:06:34.468Z""}"
2026-08-11T16:06:34.456213,BDJ,Makassar 489,429,31.8,False,"{""success"":false,""message"":""ThrottlerException: Too Many Requests"",""error"":{""code"":""TOO_MANY_REQUESTS""},""path"":""/api/v1/stations"",""timestamp"":""2026-08-11T09:06:34.474Z""}"
2026-08-11T16:06:34.463183,PBM,Solo Balapan 490,429,27.65,False,"{""success"":false,""message"":""ThrottlerException: Too Many Requests"",""error"":{""code"":""TOO_MANY_REQUESTS""},""path"":""/api/v1/stations"",""timestamp"":""2026-08-11T09:06:34.479Z""}"
2026-08-11T16:06:34.464393,BDK,Bandung 491,429,29.64,False,"{""success"":false,""message"":""ThrottlerException: Too Many Requests"",""error"":{""code"":""TOO_MANY_REQUESTS""},""path"":""/api/v1/stations"",""timestamp"":""2026-08-11T09:06:34.482Z""}"
2026-08-11T16:06:34.466769,DBF,Malang 492,429,33.02,False,"{""success"":false,""message"":""ThrottlerException: Too Many Requests"",""error"":{""code"":""TOO_MANY_REQUESTS""},""path"":""/api/v1/stations"",""timestamp"":""2026-08-11T09:06:34.486Z""}"
2026-08-11T16:06:34.474673,JAW,Surabaya Pasar Turi 493,429,29.89,False,"{""success"":false,""message"":""ThrottlerException: Too Many Requests"",""error"":{""code"":""TOO_MANY_REQUESTS""},""path"":""/api/v1/stations"",""timestamp"":""2026-08-11T09:06:34.491Z""}"
2026-08-11T16:06:34.476265,BDL,Lempuyangan 494,429,32.76,False,"{""success"":false,""message"":""ThrottlerException: Too Many Requests"",""error"":{""code"":""TOO_MANY_REQUESTS""},""path"":""/api/v1/stations"",""timestamp"":""2026-08-11T09:06:34.495Z""}"
2026-08-11T16:06:34.477624,DBG,Surabaya Pasar Turi 495,429,34.95,False,"{""success"":false,""message"":""ThrottlerException: Too Many Requests"",""error"":{""code"":""TOO_MANY_REQUESTS""},""path"":""/api/v1/stations"",""timestamp"":""2026-08-11T09:06:34.501Z""}"
2026-08-11T16:06:34.480431,TBX,Cirebon 496,429,32.85,False,"{""success"":false,""message"":""ThrottlerException: Too Many Requests"",""error"":{""code"":""TOO_MANY_REQUESTS""},""path"":""/api/v1/stations"",""timestamp"":""2026-08-11T09:06:34.506Z""}"
2026-08-11T16:06:34.484144,DBH,Samarinda 497,429,32.97,False,"{""success"":false,""message"":""ThrottlerException: Too Many Requests"",""error"":{""code"":""TOO_MANY_REQUESTS""},""path"":""/api/v1/stations"",""timestamp"":""2026-08-11T09:06:34.511Z""}"
2026-08-11T16:06:34.486417,TBY,Surabaya Pasar Turi 498,429,35.02,False,"{""success"":false,""message"":""ThrottlerException: Too Many Requests"",""error"":{""code"":""TOO_MANY_REQUESTS""},""path"":""/api/v1/stations"",""timestamp"":""2026-08-11T09:06:34.516Z""}"
2026-08-11T16:06:34.509901,KBL,Malang 503,429,16.17,False,"{""success"":false,""message"":""ThrottlerException: Too Many Requests"",""error"":{""code"":""TOO_MANY_REQUESTS""},""path"":""/api/v1/stations"",""timestamp"":""2026-08-11T09:06:34.522Z""}"
2026-08-11T16:06:34.511008,SCU,Cirebon 504,429,22.9,False,"{""success"":false,""message"":""ThrottlerException: Too Many Requests"",""error"":{""code"":""TOO_MANY_REQUESTS""},""path"":""/api/v1/stations"",""timestamp"":""2026-08-11T09:06:34.530Z""}"
2026-08-11T16:06:34.513875,TCA,Balikpapan 505,429,24.39,False,"{""success"":false,""message"":""ThrottlerException: Too Many Requests"",""error"":{""code"":""TOO_MANY_REQUESTS""},""path"":""/api/v1/stations"",""timestamp"":""2026-08-11T09:06:34.535Z""}"
2026-08-11T16:06:34.515057,TCB,Solo Balapan 506,429,27.3,False,"{""success"":false,""message"":""ThrottlerException: Too Many Requests"",""error"":{""code"":""TOO_MANY_REQUESTS""},""path"":""/api/v1/stations"",""timestamp"":""2026-08-11T09:06:34.539Z""}"
2026-08-11T16:06:34.489284,GAG,Bandung 499,429,56.35,False,"{""success"":false,""message"":""ThrottlerException: Too Many Requests"",""error"":{""code"":""TOO_MANY_REQUESTS""},""path"":""/api/v1/stations"",""timestamp"":""2026-08-11T09:06:34.542Z""}"
2026-08-11T16:06:34.492246,TBZ,Banyuwangi 500,429,56.18,False,"{""success"":false,""message"":""ThrottlerException: Too Many Requests"",""error"":{""code"":""TOO_MANY_REQUESTS""},""path"":""/api/v1/stations"",""timestamp"":""2026-08-11T09:06:34.545Z""}"
2026-08-11T16:06:34.498403,BDM,Makassar 501,429,55.92,False,"{""success"":false,""message"":""ThrottlerException: Too Many Requests"",""error"":{""code"":""TOO_MANY_REQUESTS""},""path"":""/api/v1/stations"",""timestamp"":""2026-08-11T09:06:34.548Z""}"
2026-08-11T16:06:34.502061,BDN,Cirebon 502,429,54.85,False,"{""success"":false,""message"":""ThrottlerException: Too Many Requests"",""error"":{""code"":""TOO_MANY_REQUESTS""},""path"":""/api/v1/stations"",""timestamp"":""2026-08-11T09:06:34.551Z""}"
2026-08-11T16:06:34.527082,DBI,Cirebon 509,429,32.81,False,"{""success"":false,""message"":""ThrottlerException: Too Many Requests"",""error"":{""code"":""TOO_MANY_REQUESTS""},""path"":""/api/v1/stations"",""timestamp"":""2026-08-11T09:06:34.554Z""}"
2026-08-11T16:06:34.534584,DBJ,Balikpapan 510,429,27.27,False,"{""success"":false,""message"":""ThrottlerException: Too Many Requests"",""error"":{""code"":""TOO_MANY_REQUESTS""},""path"":""/api/v1/stations"",""timestamp"":""2026-08-11T09:06:34.557Z""}"
2026-08-11T16:06:34.540557,SCV,Semarang Poncol 511,429,24.62,False,"{""success"":false,""message"":""ThrottlerException: Too Many Requests"",""error"":{""code"":""TOO_MANY_REQUESTS""},""path"":""/api/v1/stations"",""timestamp"":""2026-08-11T09:06:34.560Z""}"
2026-08-11T16:06:34.543000,SCW,Lempuyangan 512,429,34.32,False,"{""success"":false,""message"":""ThrottlerException: Too Many Requests"",""error"":{""code"":""TOO_MANY_REQUESTS""},""path"":""/api/v1/stations"",""timestamp"":""2026-08-11T09:06:34.574Z""}"
2026-08-11T16:06:34.546425,SCX,Cirebon 513,429,34.14,False,"{""success"":false,""message"":""ThrottlerException: Too Many Requests"",""error"":{""code"":""TOO_MANY_REQUESTS""},""path"":""/api/v1/stations"",""timestamp"":""2026-08-11T09:06:34.577Z""}"
2026-08-11T16:06:34.518576,BDO,Denpasar 507,429,66.11,False,"{""success"":false,""message"":""ThrottlerException: Too Many Requests"",""error"":{""code"":""TOO_MANY_REQUESTS""},""path"":""/api/v1/stations"",""timestamp"":""2026-08-11T09:06:34.581Z""}"
2026-08-11T16:06:34.522049,JAX,Denpasar 508,429,67.37,False,"{""success"":false,""message"":""ThrottlerException: Too Many Requests"",""error"":{""code"":""TOO_MANY_REQUESTS""},""path"":""/api/v1/stations"",""timestamp"":""2026-08-11T09:06:34.585Z""}"
2026-08-11T16:06:34.560757,TCD,Jember 517,429,36.02,False,"{""success"":false,""message"":""ThrottlerException: Too Many Requests"",""error"":{""code"":""TOO_MANY_REQUESTS""},""path"":""/api/v1/stations"",""timestamp"":""2026-08-11T09:06:34.593Z""}"
2026-08-11T16:06:34.562764,KBM,Cirebon 518,429,41.52,False,"{""success"":false,""message"":""ThrottlerException: Too Many Requests"",""error"":{""code"":""TOO_MANY_REQUESTS""},""path"":""/api/v1/stations"",""timestamp"":""2026-08-11T09:06:34.598Z""}"
2026-08-11T16:06:34.565713,MDA,Banyuwangi 519,429,40.94,False,"{""success"":false,""message"":""ThrottlerException: Too Many Requests"",""error"":{""code"":""TOO_MANY_REQUESTS""},""path"":""/api/v1/stations"",""timestamp"":""2026-08-11T09:06:34.600Z""}"
2026-08-11T16:06:34.577995,YAP,Jayapura 520,429,31.3,False,"{""success"":false,""message"":""ThrottlerException: Too Many Requests"",""error"":{""code"":""TOO_MANY_REQUESTS""},""path"":""/api/v1/stations"",""timestamp"":""2026-08-11T09:06:34.603Z""}"
2026-08-11T16:06:34.581582,BDP,Jember 521,429,29.5,False,"{""success"":false,""message"":""ThrottlerException: Too Many Requests"",""error"":{""code"":""TOO_MANY_REQUESTS""},""path"":""/api/v1/stations"",""timestamp"":""2026-08-11T09:06:34.607Z""}"
2026-08-11T16:06:34.585149,YAQ,Jember 522,429,28.89,False,"{""success"":false,""message"":""ThrottlerException: Too Many Requests"",""error"":{""code"":""TOO_MANY_REQUESTS""},""path"":""/api/v1/stations"",""timestamp"":""2026-08-11T09:06:34.610Z""}"
2026-08-11T16:06:34.552639,TCC,Malang 514,429,64.15,False,"{""success"":false,""message"":""ThrottlerException: Too Many Requests"",""error"":{""code"":""TOO_MANY_REQUESTS""},""path"":""/api/v1/stations"",""timestamp"":""2026-08-11T09:06:34.613Z""}"
2026-08-11T16:06:34.555286,MCZ,Manado 515,429,63.84,False,"{""success"":false,""message"":""ThrottlerException: Too Many Requests"",""error"":{""code"":""TOO_MANY_REQUESTS""},""path"":""/api/v1/stations"",""timestamp"":""2026-08-11T09:06:34.615Z""}"
2026-08-11T16:06:34.557761,YAO,Semarang Tawang 516,429,66.46,False,"{""success"":false,""message"":""ThrottlerException: Too Many Requests"",""error"":{""code"":""TOO_MANY_REQUESTS""},""path"":""/api/v1/stations"",""timestamp"":""2026-08-11T09:06:34.619Z""}"
2026-08-11T16:06:34.602266,MDB,Bogor 524,429,26.91,False,"{""success"":false,""message"":""ThrottlerException: Too Many Requests"",""error"":{""code"":""TOO_MANY_REQUESTS""},""path"":""/api/v1/stations"",""timestamp"":""2026-08-11T09:06:34.625Z""}"
2026-08-11T16:06:34.605251,MDD,Semarang Tawang 525,429,27.29,False,"{""success"":false,""message"":""ThrottlerException: Too Many Requests"",""error"":{""code"":""TOO_MANY_REQUESTS""},""path"":""/api/v1/stations"",""timestamp"":""2026-08-11T09:06:34.630Z""}"
2026-08-11T16:06:34.607536,SCY,Madiun 526,429,28.03,False,"{""success"":false,""message"":""ThrottlerException: Too Many Requests"",""error"":{""code"":""TOO_MANY_REQUESTS""},""path"":""/api/v1/stations"",""timestamp"":""2026-08-11T09:06:34.632Z""}"
2026-08-11T16:06:34.609710,MDE,Surabaya Pasar Turi 527,429,29.57,False,"{""success"":false,""message"":""ThrottlerException: Too Many Requests"",""error"":{""code"":""TOO_MANY_REQUESTS""},""path"":""/api/v1/stations"",""timestamp"":""2026-08-11T09:06:34.636Z""}"
2026-08-11T16:06:34.612516,KBN,Denpasar 528,429,29.43,False,"{""success"":false,""message"":""ThrottlerException: Too Many Requests"",""error"":{""code"":""TOO_MANY_REQUESTS""},""path"":""/api/v1/stations"",""timestamp"":""2026-08-11T09:06:34.639Z""}"
2026-08-11T16:06:34.614537,SCZ,Malang 529,429,29.79,False,"{""success"":false,""message"":""ThrottlerException: Too Many Requests"",""error"":{""code"":""TOO_MANY_REQUESTS""},""path"":""/api/v1/stations"",""timestamp"":""2026-08-11T09:06:34.641Z""}"
2026-08-11T16:06:34.617454,AAL,Manggarai 530,429,28.74,False,"{""success"":false,""message"":""ThrottlerException: Too Many Requests"",""error"":{""code"":""TOO_MANY_REQUESTS""},""path"":""/api/v1/stations"",""timestamp"":""2026-08-11T09:06:34.643Z""}"
2026-08-11T16:06:34.619851,MDF,Surabaya Pasar Turi 531,429,29.13,False,"{""success"":false,""message"":""ThrottlerException: Too Many Requests"",""error"":{""code"":""TOO_MANY_REQUESTS""},""path"":""/api/v1/stations"",""timestamp"":""2026-08-11T09:06:34.645Z""}"
2026-08-11T16:06:34.589940,PBN,Yogyakarta 523,429,61.07,False,"{""success"":false,""message"":""ThrottlerException: Too Many Requests"",""error"":{""code"":""TOO_MANY_REQUESTS""},""path"":""/api/v1/stations"",""timestamp"":""2026-08-11T09:06:34.647Z""}"
2026-08-11T16:06:34.629881,MDG,Manggarai 533,429,22.91,False,"{""success"":false,""message"":""ThrottlerException: Too Many Requests"",""error"":{""code"":""TOO_MANY_REQUESTS""},""path"":""/api/v1/stations"",""timestamp"":""2026-08-11T09:06:34.650Z""}"
2026-08-11T16:06:34.633062,JAZ,Manado 534,429,21.71,False,"{""success"":false,""message"":""ThrottlerException: Too Many Requests"",""error"":{""code"":""TOO_MANY_REQUESTS""},""path"":""/api/v1/stations"",""timestamp"":""2026-08-11T09:06:34.652Z""}"
2026-08-11T16:06:34.635985,SDA,Denpasar 535,429,23.6,False,"{""success"":false,""message"":""ThrottlerException: Too Many Requests"",""error"":{""code"":""TOO_MANY_REQUESTS""},""path"":""/api/v1/stations"",""timestamp"":""2026-08-11T09:06:34.655Z""}"
2026-08-11T16:06:34.640588,BDQ,Cirebon 536,429,21.67,False,"{""success"":false,""message"":""ThrottlerException: Too Many Requests"",""error"":{""code"":""TOO_MANY_REQUESTS""},""path"":""/api/v1/stations"",""timestamp"":""2026-08-11T09:06:34.656Z""}"
2026-08-11T16:06:34.642576,JBA,Banyuwangi 537,429,21.91,False,"{""success"":false,""message"":""ThrottlerException: Too Many Requests"",""error"":{""code"":""TOO_MANY_REQUESTS""},""path"":""/api/v1/stations"",""timestamp"":""2026-08-11T09:06:34.659Z""}"
2026-08-11T16:06:34.644840,BDR,Madiun 538,429,21.58,False,"{""success"":false,""message"":""ThrottlerException: Too Many Requests"",""error"":{""code"":""TOO_MANY_REQUESTS""},""path"":""/api/v1/stations"",""timestamp"":""2026-08-11T09:06:34.662Z""}"
2026-08-11T16:06:34.625082,JAY,Manado 532,429,43.4,False,"{""success"":false,""message"":""ThrottlerException: Too Many Requests"",""error"":{""code"":""TOO_MANY_REQUESTS""},""path"":""/api/v1/stations"",""timestamp"":""2026-08-11T09:06:34.664Z""}"
2026-08-11T16:06:34.653196,MDI,Manado 542,429,17.22,False,"{""success"":false,""message"":""ThrottlerException: Too Many Requests"",""error"":{""code"":""TOO_MANY_REQUESTS""},""path"":""/api/v1/stations"",""timestamp"":""2026-08-11T09:06:34.666Z""}"
2026-08-11T16:06:34.657677,MDJ,Kiaracondong 543,429,15.02,False,"{""success"":false,""message"":""ThrottlerException: Too Many Requests"",""error"":{""code"":""TOO_MANY_REQUESTS""},""path"":""/api/v1/stations"",""timestamp"":""2026-08-11T09:06:34.669Z""}"
2026-08-11T16:06:34.660534,BDT,Cimahi 544,429,14.72,False,"{""success"":false,""message"":""ThrottlerException: Too Many Requests"",""error"":{""code"":""TOO_MANY_REQUESTS""},""path"":""/api/v1/stations"",""timestamp"":""2026-08-11T09:06:34.672Z""}"
2026-08-11T16:06:34.662813,GAH,Manado 545,429,17.54,False,"{""success"":false,""message"":""ThrottlerException: Too Many Requests"",""error"":{""code"":""TOO_MANY_REQUESTS""},""path"":""/api/v1/stations"",""timestamp"":""2026-08-11T09:06:34.674Z""}"
2026-08-11T16:06:34.646840,MDH,Manggarai 539,429,35.45,False,"{""success"":false,""message"":""ThrottlerException: Too Many Requests"",""error"":{""code"":""TOO_MANY_REQUESTS""},""path"":""/api/v1/stations"",""timestamp"":""2026-08-11T09:06:34.677Z""}"
2026-08-11T16:06:34.649727,BDS,Pontianak 540,429,34.87,False,"{""success"":false,""message"":""ThrottlerException: Too Many Requests"",""error"":{""code"":""TOO_MANY_REQUESTS""},""path"":""/api/v1/stations"",""timestamp"":""2026-08-11T09:06:34.681Z""}"
2026-08-11T16:06:34.651550,SDB,Jayapura 541,429,39.93,False,"{""success"":false,""message"":""ThrottlerException: Too Many Requests"",""error"":{""code"":""TOO_MANY_REQUESTS""},""path"":""/api/v1/stations"",""timestamp"":""2026-08-11T09:06:34.684Z""}"
2026-08-11T16:06:34.671275,DBK,Manado 549,429,20.83,False,"{""success"":false,""message"":""ThrottlerException: Too Many Requests"",""error"":{""code"":""TOO_MANY_REQUESTS""},""path"":""/api/v1/stations"",""timestamp"":""2026-08-11T09:06:34.686Z""}"
2026-08-11T16:06:34.673495,BDU,Semarang Tawang 550,429,21.25,False,"{""success"":false,""message"":""ThrottlerException: Too Many Requests"",""error"":{""code"":""TOO_MANY_REQUESTS""},""path"":""/api/v1/stations"",""timestamp"":""2026-08-11T09:06:34.688Z""}"
2026-08-11T16:06:34.678779,BDV,Semarang Tawang 551,429,17.66,False,"{""success"":false,""message"":""ThrottlerException: Too Many Requests"",""error"":{""code"":""TOO_MANY_REQUESTS""},""path"":""/api/v1/stations"",""timestamp"":""2026-08-11T09:06:34.691Z""}"
2026-08-11T16:06:34.681150,PBP,Makassar 552,429,16.76,False,"{""success"":false,""message"":""ThrottlerException: Too Many Requests"",""error"":{""code"":""TOO_MANY_REQUESTS""},""path"":""/api/v1/stations"",""timestamp"":""2026-08-11T09:06:34.693Z""}"
2026-08-11T16:06:34.683175,PBQ,Banjarmasin 553,429,16.92,False,"{""success"":false,""message"":""ThrottlerException: Too Many Requests"",""error"":{""code"":""TOO_MANY_REQUESTS""},""path"":""/api/v1/stations"",""timestamp"":""2026-08-11T09:06:34.696Z""}"
2026-08-11T16:06:34.665243,PBO,Balikpapan 546,429,38.28,False,"{""success"":false,""message"":""ThrottlerException: Too Many Requests"",""error"":{""code"":""TOO_MANY_REQUESTS""},""path"":""/api/v1/stations"",""timestamp"":""2026-08-11T09:06:34.697Z""}"
2026-08-11T16:06:34.666897,SDC,Lempuyangan 547,429,38.43,False,"{""success"":false,""message"":""ThrottlerException: Too Many Requests"",""error"":{""code"":""TOO_MANY_REQUESTS""},""path"":""/api/v1/stations"",""timestamp"":""2026-08-11T09:06:34.699Z""}"
2026-08-11T16:06:34.668933,MDK,Semarang Poncol 548,429,38.25,False,"{""success"":false,""message"":""ThrottlerException: Too Many Requests"",""error"":{""code"":""TOO_MANY_REQUESTS""},""path"":""/api/v1/stations"",""timestamp"":""2026-08-11T09:06:34.701Z""}"
2026-08-11T16:06:34.693861,PBR,Bandung 556,429,15.14,False,"{""success"":false,""message"":""ThrottlerException: Too Many Requests"",""error"":{""code"":""TOO_MANY_REQUESTS""},""path"":""/api/v1/stations"",""timestamp"":""2026-08-11T09:06:34.703Z""}"
2026-08-11T16:06:34.695517,BDX,Balikpapan 557,429,16.29,False,"{""success"":false,""message"":""ThrottlerException: Too Many Requests"",""error"":{""code"":""TOO_MANY_REQUESTS""},""path"":""/api/v1/stations"",""timestamp"":""2026-08-11T09:06:34.705Z""}"
2026-08-11T16:06:34.696988,GAI,Samarinda 558,429,15.39,False,"{""success"":false,""message"":""ThrottlerException: Too Many Requests"",""error"":{""code"":""TOO_MANY_REQUESTS""},""path"":""/api/v1/stations"",""timestamp"":""2026-08-11T09:06:34.706Z""}"
2026-08-11T16:06:34.698499,SDE,Lempuyangan 559,429,16.57,False,"{""success"":false,""message"":""ThrottlerException: Too Many Requests"",""error"":{""code"":""TOO_MANY_REQUESTS""},""path"":""/api/v1/stations"",""timestamp"":""2026-08-11T09:06:34.708Z""}"
2026-08-11T16:06:34.689802,BDW,Jatinegara 554,429,30.65,False,"{""success"":false,""message"":""ThrottlerException: Too Many Requests"",""error"":{""code"":""TOO_MANY_REQUESTS""},""path"":""/api/v1/stations"",""timestamp"":""2026-08-11T09:06:34.710Z""}"
2026-08-11T16:06:34.692976,SDD,Kiaracondong 555,429,28.15,False,"{""success"":false,""message"":""ThrottlerException: Too Many Requests"",""error"":{""code"":""TOO_MANY_REQUESTS""},""path"":""/api/v1/stations"",""timestamp"":""2026-08-11T09:06:34.711Z""}"
2026-08-11T16:06:34.710155,TCF,Manggarai 564,429,13.68,False,"{""success"":false,""message"":""ThrottlerException: Too Many Requests"",""error"":{""code"":""TOO_MANY_REQUESTS""},""path"":""/api/v1/stations"",""timestamp"":""2026-08-11T09:06:34.713Z""}"
2026-08-11T16:06:34.701891,BDY,Jatinegara 560,429,22.92,False,"{""success"":false,""message"":""ThrottlerException: Too Many Requests"",""error"":{""code"":""TOO_MANY_REQUESTS""},""path"":""/api/v1/stations"",""timestamp"":""2026-08-11T09:06:34.715Z""}"
2026-08-11T16:06:34.704283,DBL,Kiaracondong 561,429,23.68,False,"{""success"":false,""message"":""ThrottlerException: Too Many Requests"",""error"":{""code"":""TOO_MANY_REQUESTS""},""path"":""/api/v1/stations"",""timestamp"":""2026-08-11T09:06:34.717Z""}"
2026-08-11T16:06:34.706146,DBM,Semarang Tawang 562,429,23.68,False,"{""success"":false,""message"":""ThrottlerException: Too Many Requests"",""error"":{""code"":""TOO_MANY_REQUESTS""},""path"":""/api/v1/stations"",""timestamp"":""2026-08-11T09:06:34.720Z""}"
2026-08-11T16:06:34.708017,TCE,Ketapang 563,429,22.62,False,"{""success"":false,""message"":""ThrottlerException: Too Many Requests"",""error"":{""code"":""TOO_MANY_REQUESTS""},""path"":""/api/v1/stations"",""timestamp"":""2026-08-11T09:06:34.723Z""}"
2026-08-11T16:06:34.713160,YAR,Ketapang 565,429,27.62,False,"{""success"":false,""message"":""ThrottlerException: Too Many Requests"",""error"":{""code"":""TOO_MANY_REQUESTS""},""path"":""/api/v1/stations"",""timestamp"":""2026-08-11T09:06:34.725Z""}"
2026-08-11T16:06:34.714111,BDZ,Kiaracondong 566,429,29.1,False,"{""success"":false,""message"":""ThrottlerException: Too Many Requests"",""error"":{""code"":""TOO_MANY_REQUESTS""},""path"":""/api/v1/stations"",""timestamp"":""2026-08-11T09:06:34.728Z""}"
2026-08-11T16:06:34.718979,SDF,Banyuwangi 567,429,24.91,False,"{""success"":false,""message"":""ThrottlerException: Too Many Requests"",""error"":{""code"":""TOO_MANY_REQUESTS""},""path"":""/api/v1/stations"",""timestamp"":""2026-08-11T09:06:34.731Z""}"
2026-08-11T16:06:34.721845,GAJ,Kiaracondong 568,429,22.52,False,"{""success"":false,""message"":""ThrottlerException: Too Many Requests"",""error"":{""code"":""TOO_MANY_REQUESTS""},""path"":""/api/v1/stations"",""timestamp"":""2026-08-11T09:06:34.733Z""}"
2026-08-11T16:06:34.722788,YAS,Surabaya Pasar Turi 569,429,22.29,False,"{""success"":false,""message"":""ThrottlerException: Too Many Requests"",""error"":{""code"":""TOO_MANY_REQUESTS""},""path"":""/api/v1/stations"",""timestamp"":""2026-08-11T09:06:34.735Z""}"
2026-08-11T16:06:34.725669,BEA,Kiaracondong 570,429,23.06,False,"{""success"":false,""message"":""ThrottlerException: Too Many Requests"",""error"":{""code"":""TOO_MANY_REQUESTS""},""path"":""/api/v1/stations"",""timestamp"":""2026-08-11T09:06:34.738Z""}"
2026-08-11T16:06:34.726706,JBB,Cimahi 571,429,22.84,False,"{""success"":false,""message"":""ThrottlerException: Too Many Requests"",""error"":{""code"":""TOO_MANY_REQUESTS""},""path"":""/api/v1/stations"",""timestamp"":""2026-08-11T09:06:34.740Z""}"
2026-08-11T16:06:34.728786,BEB,Solo Balapan 572,429,23.74,False,"{""success"":false,""message"":""ThrottlerException: Too Many Requests"",""error"":{""code"":""TOO_MANY_REQUESTS""},""path"":""/api/v1/stations"",""timestamp"":""2026-08-11T09:06:34.742Z""}"
2026-08-11T16:06:34.738562,PBS,Kiaracondong 573,429,15.97,False,"{""success"":false,""message"":""ThrottlerException: Too Many Requests"",""error"":{""code"":""TOO_MANY_REQUESTS""},""path"":""/api/v1/stations"",""timestamp"":""2026-08-11T09:06:34.744Z""}"
2026-08-11T16:06:34.739707,SDG,Bogor 574,429,15.58,False,"{""success"":false,""message"":""ThrottlerException: Too Many Requests"",""error"":{""code"":""TOO_MANY_REQUESTS""},""path"":""/api/v1/stations"",""timestamp"":""2026-08-11T09:06:34.746Z""}"
2026-08-11T16:06:34.741995,DBN,Surabaya Pasar Turi 575,429,13.94,False,"{""success"":false,""message"":""ThrottlerException: Too Many Requests"",""error"":{""code"":""TOO_MANY_REQUESTS""},""path"":""/api/v1/stations"",""timestamp"":""2026-08-11T09:06:34.748Z""}"
2026-08-11T16:06:34.745726,SDH,Balikpapan 576,429,13.7,False,"{""success"":false,""message"":""ThrottlerException: Too Many Requests"",""error"":{""code"":""TOO_MANY_REQUESTS""},""path"":""/api/v1/stations"",""timestamp"":""2026-08-11T09:06:34.750Z""}"
2026-08-11T16:06:34.746582,TCG,Ketapang 577,429,13.51,False,"{""success"":false,""message"":""ThrottlerException: Too Many Requests"",""error"":{""code"":""TOO_MANY_REQUESTS""},""path"":""/api/v1/stations"",""timestamp"":""2026-08-11T09:06:34.751Z""}"
2026-08-11T16:06:34.747327,DBO,Mataram 578,429,15.54,False,"{""success"":false,""message"":""ThrottlerException: Too Many Requests"",""error"":{""code"":""TOO_MANY_REQUESTS""},""path"":""/api/v1/stations"",""timestamp"":""2026-08-11T09:06:34.753Z""}"
2026-08-11T16:06:34.747982,BEC,Lempuyangan 579,429,15.44,False,"{""success"":false,""message"":""ThrottlerException: Too Many Requests"",""error"":{""code"":""TOO_MANY_REQUESTS""},""path"":""/api/v1/stations"",""timestamp"":""2026-08-11T09:06:34.755Z""}"
2026-08-11T16:06:34.750616,TCH,Cirebon 580,429,15.54,False,"{""success"":false,""message"":""ThrottlerException: Too Many Requests"",""error"":{""code"":""TOO_MANY_REQUESTS""},""path"":""/api/v1/stations"",""timestamp"":""2026-08-11T09:06:34.757Z""}"
2026-08-11T16:06:34.751583,YAT,Madiun 581,429,15.24,False,"{""success"":false,""message"":""ThrottlerException: Too Many Requests"",""error"":{""code"":""TOO_MANY_REQUESTS""},""path"":""/api/v1/stations"",""timestamp"":""2026-08-11T09:06:34.759Z""}"
2026-08-11T16:06:34.753495,DBP,Manado 582,429,16.3,False,"{""success"":false,""message"":""ThrottlerException: Too Many Requests"",""error"":{""code"":""TOO_MANY_REQUESTS""},""path"":""/api/v1/stations"",""timestamp"":""2026-08-11T09:06:34.761Z""}"
2026-08-11T16:06:34.756875,BED,Pasar Senen 583,429,17.26,False,"{""success"":false,""message"":""ThrottlerException: Too Many Requests"",""error"":{""code"":""TOO_MANY_REQUESTS""},""path"":""/api/v1/stations"",""timestamp"":""2026-08-11T09:06:34.763Z""}"
2026-08-11T16:06:34.757758,MDL,Bogor 584,429,17.0,False,"{""success"":false,""message"":""ThrottlerException: Too Many Requests"",""error"":{""code"":""TOO_MANY_REQUESTS""},""path"":""/api/v1/stations"",""timestamp"":""2026-08-11T09:06:34.764Z""}"
2026-08-11T16:06:34.758586,SDI,Cimahi 585,429,16.95,False,"{""success"":false,""message"":""ThrottlerException: Too Many Requests"",""error"":{""code"":""TOO_MANY_REQUESTS""},""path"":""/api/v1/stations"",""timestamp"":""2026-08-11T09:06:34.766Z""}"
2026-08-11T16:06:34.760978,BEE,Ketapang 586,429,18.36,False,"{""success"":false,""message"":""ThrottlerException: Too Many Requests"",""error"":{""code"":""TOO_MANY_REQUESTS""},""path"":""/api/v1/stations"",""timestamp"":""2026-08-11T09:06:34.768Z""}"
2026-08-11T16:06:34.761874,AAM,Bogor 587,429,20.27,False,"{""success"":false,""message"":""ThrottlerException: Too Many Requests"",""error"":{""code"":""TOO_MANY_REQUESTS""},""path"":""/api/v1/stations"",""timestamp"":""2026-08-11T09:06:34.769Z""}"
2026-08-11T16:06:34.764230,TCI,Semarang Poncol 588,429,21.08,False,"{""success"":false,""message"":""ThrottlerException: Too Many Requests"",""error"":{""code"":""TOO_MANY_REQUESTS""},""path"":""/api/v1/stations"",""timestamp"":""2026-08-11T09:06:34.771Z""}"
2026-08-11T16:06:34.765143,TCJ,Manado 589,429,20.73,False,"{""success"":false,""message"":""ThrottlerException: Too Many Requests"",""error"":{""code"":""TOO_MANY_REQUESTS""},""path"":""/api/v1/stations"",""timestamp"":""2026-08-11T09:06:34.772Z""}"
2026-08-11T16:06:34.767705,SDJ,Yogyakarta 590,429,18.76,False,"{""success"":false,""message"":""ThrottlerException: Too Many Requests"",""error"":{""code"":""TOO_MANY_REQUESTS""},""path"":""/api/v1/stations"",""timestamp"":""2026-08-11T09:06:34.774Z""}"
2026-08-11T16:06:34.768620,BEF,Pontianak 591,429,23.89,False,"{""success"":false,""message"":""ThrottlerException: Too Many Requests"",""error"":{""code"":""TOO_MANY_REQUESTS""},""path"":""/api/v1/stations"",""timestamp"":""2026-08-11T09:06:34.776Z""}"
2026-08-11T16:06:34.772497,MDM,Cirebon 592,429,20.63,False,"{""success"":false,""message"":""ThrottlerException: Too Many Requests"",""error"":{""code"":""TOO_MANY_REQUESTS""},""path"":""/api/v1/stations"",""timestamp"":""2026-08-11T09:06:34.778Z""}"
2026-08-11T16:06:34.776722,SDK,Banjarmasin 593,429,17.08,False,"{""success"":false,""message"":""ThrottlerException: Too Many Requests"",""error"":{""code"":""TOO_MANY_REQUESTS""},""path"":""/api/v1/stations"",""timestamp"":""2026-08-11T09:06:34.780Z""}"
2026-08-11T16:06:34.777633,TCK,Semarang Tawang 594,429,19.77,False,"{""success"":false,""message"":""ThrottlerException: Too Many Requests"",""error"":{""code"":""TOO_MANY_REQUESTS""},""path"":""/api/v1/stations"",""timestamp"":""2026-08-11T09:06:34.782Z""}"
2026-08-11T16:06:34.778456,PBT,Banyuwangi 595,429,19.34,False,"{""success"":false,""message"":""ThrottlerException: Too Many Requests"",""error"":{""code"":""TOO_MANY_REQUESTS""},""path"":""/api/v1/stations"",""timestamp"":""2026-08-11T09:06:34.785Z""}"
2026-08-11T16:06:34.783123,KBO,Surabaya Pasar Turi 596,429,17.79,False,"{""success"":false,""message"":""ThrottlerException: Too Many Requests"",""error"":{""code"":""TOO_MANY_REQUESTS""},""path"":""/api/v1/stations"",""timestamp"":""2026-08-11T09:06:34.787Z""}"
2026-08-11T16:06:34.784085,SDL,Surabaya Gubeng 597,429,17.42,False,"{""success"":false,""message"":""ThrottlerException: Too Many Requests"",""error"":{""code"":""TOO_MANY_REQUESTS""},""path"":""/api/v1/stations"",""timestamp"":""2026-08-11T09:06:34.789Z""}"
2026-08-11T16:06:34.787910,DBQ,Manggarai 598,429,14.19,False,"{""success"":false,""message"":""ThrottlerException: Too Many Requests"",""error"":{""code"":""TOO_MANY_REQUESTS""},""path"":""/api/v1/stations"",""timestamp"":""2026-08-11T09:06:34.791Z""}"
2026-08-11T16:06:34.789340,MDO,Manado 599,429,13.27,False,"{""success"":false,""message"":""ThrottlerException: Too Many Requests"",""error"":{""code"":""TOO_MANY_REQUESTS""},""path"":""/api/v1/stations"",""timestamp"":""2026-08-11T09:06:34.792Z""}"
2026-08-11T16:06:34.790652,PBU,Ketapang 600,429,16.08,False,"{""success"":false,""message"":""ThrottlerException: Too Many Requests"",""error"":{""code"":""TOO_MANY_REQUESTS""},""path"":""/api/v1/stations"",""timestamp"":""2026-08-11T09:06:34.794Z""}"
2026-08-11T16:06:34.794586,SDM,Jember 601,429,13.66,False,"{""success"":false,""message"":""ThrottlerException: Too Many Requests"",""error"":{""code"":""TOO_MANY_REQUESTS""},""path"":""/api/v1/stations"",""timestamp"":""2026-08-11T09:06:34.797Z""}"
2026-08-11T16:06:34.795586,TCL,Manado 602,429,15.7,False,"{""success"":false,""message"":""ThrottlerException: Too Many Requests"",""error"":{""code"":""TOO_MANY_REQUESTS""},""path"":""/api/v1/stations"",""timestamp"":""2026-08-11T09:06:34.799Z""}"
2026-08-11T16:06:34.796517,KBP,Surabaya Pasar Turi 603,429,15.58,False,"{""success"":false,""message"":""ThrottlerException: Too Many Requests"",""error"":{""code"":""TOO_MANY_REQUESTS""},""path"":""/api/v1/stations"",""timestamp"":""2026-08-11T09:06:34.801Z""}"
2026-08-11T16:06:34.798906,BEG,Banyuwangi 604,429,15.63,False,"{""success"":false,""message"":""ThrottlerException: Too Many Requests"",""error"":{""code"":""TOO_MANY_REQUESTS""},""path"":""/api/v1/stations"",""timestamp"":""2026-08-11T09:06:34.803Z""}"
2026-08-11T16:06:34.799913,SDN,Ketapang 605,429,16.48,False,"{""success"":false,""message"":""ThrottlerException: Too Many Requests"",""error"":{""code"":""TOO_MANY_REQUESTS""},""path"":""/api/v1/stations"",""timestamp"":""2026-08-11T09:06:34.807Z""}"
2026-08-11T16:06:34.803375,MDP,Bekasi 606,429,14.86,False,"{""success"":false,""message"":""ThrottlerException: Too Many Requests"",""error"":{""code"":""TOO_MANY_REQUESTS""},""path"":""/api/v1/stations"",""timestamp"":""2026-08-11T09:06:34.811Z""}"
2026-08-11T16:06:34.804375,MDQ,Surabaya Gubeng 607,429,14.59,False,"{""success"":false,""message"":""ThrottlerException: Too Many Requests"",""error"":{""code"":""TOO_MANY_REQUESTS""},""path"":""/api/v1/stations"",""timestamp"":""2026-08-11T09:06:34.813Z""}"
2026-08-11T16:06:34.805200,KBQ,Jatinegara 608,429,17.7,False,"{""success"":false,""message"":""ThrottlerException: Too Many Requests"",""error"":{""code"":""TOO_MANY_REQUESTS""},""path"":""/api/v1/stations"",""timestamp"":""2026-08-11T09:06:34.815Z""}"
2026-08-11T16:06:34.805883,AAN,Pontianak 609,429,18.42,False,"{""success"":false,""message"":""ThrottlerException: Too Many Requests"",""error"":{""code"":""TOO_MANY_REQUESTS""},""path"":""/api/v1/stations"",""timestamp"":""2026-08-11T09:06:34.817Z""}"
2026-08-11T16:06:34.809258,SDO,Bandung 610,429,19.27,False,"{""success"":false,""message"":""ThrottlerException: Too Many Requests"",""error"":{""code"":""TOO_MANY_REQUESTS""},""path"":""/api/v1/stations"",""timestamp"":""2026-08-11T09:06:34.819Z""}"
2026-08-11T16:06:34.810407,AAO,Bogor 611,429,20.08,False,"{""success"":false,""message"":""ThrottlerException: Too Many Requests"",""error"":{""code"":""TOO_MANY_REQUESTS""},""path"":""/api/v1/stations"",""timestamp"":""2026-08-11T09:06:34.823Z""}"
2026-08-11T16:06:34.812749,MDR,Bekasi 612,429,18.57,False,"{""success"":false,""message"":""ThrottlerException: Too Many Requests"",""error"":{""code"":""TOO_MANY_REQUESTS""},""path"":""/api/v1/stations"",""timestamp"":""2026-08-11T09:06:34.826Z""}"
2026-08-11T16:06:34.813624,BEH,Kiaracondong 613,429,20.49,False,"{""success"":false,""message"":""ThrottlerException: Too Many Requests"",""error"":{""code"":""TOO_MANY_REQUESTS""},""path"":""/api/v1/stations"",""timestamp"":""2026-08-11T09:06:34.830Z""}"
2026-08-11T16:06:34.815364,TCM,Manado 614,429,20.63,False,"{""success"":false,""message"":""ThrottlerException: Too Many Requests"",""error"":{""code"":""TOO_MANY_REQUESTS""},""path"":""/api/v1/stations"",""timestamp"":""2026-08-11T09:06:34.833Z""}"
2026-08-11T16:06:34.829079,MDT,Jatinegara 620,429,8.6,False,"{""success"":false,""message"":""ThrottlerException: Too Many Requests"",""error"":{""code"":""TOO_MANY_REQUESTS""},""path"":""/api/v1/stations"",""timestamp"":""2026-08-11T09:06:34.835Z""}"
2026-08-11T16:06:34.831824,MDU,Banjarmasin 621,429,8.5,False,"{""success"":false,""message"":""ThrottlerException: Too Many Requests"",""error"":{""code"":""TOO_MANY_REQUESTS""},""path"":""/api/v1/stations"",""timestamp"":""2026-08-11T09:06:34.837Z""}"
2026-08-11T16:06:34.817203,JBC,Denpasar 615,429,25.43,False,"{""success"":false,""message"":""ThrottlerException: Too Many Requests"",""error"":{""code"":""TOO_MANY_REQUESTS""},""path"":""/api/v1/stations"",""timestamp"":""2026-08-11T09:06:34.838Z""}"
2026-08-11T16:06:34.819472,SDP,Balikpapan 616,429,24.71,False,"{""success"":false,""message"":""ThrottlerException: Too Many Requests"",""error"":{""code"":""TOO_MANY_REQUESTS""},""path"":""/api/v1/stations"",""timestamp"":""2026-08-11T09:06:34.840Z""}"
2026-08-11T16:06:34.820599,MDS,Surabaya Pasar Turi 617,429,29.9,False,"{""success"":false,""message"":""ThrottlerException: Too Many Requests"",""error"":{""code"":""TOO_MANY_REQUESTS""},""path"":""/api/v1/stations"",""timestamp"":""2026-08-11T09:06:34.842Z""}"
2026-08-11T16:06:34.825111,BEI,Cirebon 618,429,25.93,False,"{""success"":false,""message"":""ThrottlerException: Too Many Requests"",""error"":{""code"":""TOO_MANY_REQUESTS""},""path"":""/api/v1/stations"",""timestamp"":""2026-08-11T09:06:34.844Z""}"
2026-08-11T16:06:34.826624,KBR,Solo Balapan 619,429,25.27,False,"{""success"":false,""message"":""ThrottlerException: Too Many Requests"",""error"":{""code"":""TOO_MANY_REQUESTS""},""path"":""/api/v1/stations"",""timestamp"":""2026-08-11T09:06:34.846Z""}"
2026-08-11T16:06:34.838965,DBS,Solo Balapan 625,429,24.17,False,"{""success"":false,""message"":""ThrottlerException: Too Many Requests"",""error"":{""code"":""TOO_MANY_REQUESTS""},""path"":""/api/v1/stations"",""timestamp"":""2026-08-11T09:06:34.849Z""}"
2026-08-11T16:06:34.841157,GAK,Semarang Tawang 626,429,22.56,False,"{""success"":false,""message"":""ThrottlerException: Too Many Requests"",""error"":{""code"":""TOO_MANY_REQUESTS""},""path"":""/api/v1/stations"",""timestamp"":""2026-08-11T09:06:34.851Z""}"
2026-08-11T16:06:34.843255,PBV,Manggarai 627,429,20.98,False,"{""success"":false,""message"":""ThrottlerException: Too Many Requests"",""error"":{""code"":""TOO_MANY_REQUESTS""},""path"":""/api/v1/stations"",""timestamp"":""2026-08-11T09:06:34.853Z""}"
2026-08-11T16:06:34.832837,BEJ,Pasar Senen 622,429,31.65,False,"{""success"":false,""message"":""ThrottlerException: Too Many Requests"",""error"":{""code"":""TOO_MANY_REQUESTS""},""path"":""/api/v1/stations"",""timestamp"":""2026-08-11T09:06:34.856Z""}"
2026-08-11T16:06:34.834667,DBR,Surabaya Pasar Turi 623,429,35.04,False,"{""success"":false,""message"":""ThrottlerException: Too Many Requests"",""error"":{""code"":""TOO_MANY_REQUESTS""},""path"":""/api/v1/stations"",""timestamp"":""2026-08-11T09:06:34.857Z""}"
2026-08-11T16:06:34.836416,SDQ,Bekasi 624,429,33.8,False,"{""success"":false,""message"":""ThrottlerException: Too Many Requests"",""error"":{""code"":""TOO_MANY_REQUESTS""},""path"":""/api/v1/stations"",""timestamp"":""2026-08-11T09:06:34.860Z""}"
2026-08-11T16:06:34.848734,PBW,Malang 628,429,24.56,False,"{""success"":false,""message"":""ThrottlerException: Too Many Requests"",""error"":{""code"":""TOO_MANY_REQUESTS""},""path"":""/api/v1/stations"",""timestamp"":""2026-08-11T09:06:34.861Z""}"
2026-08-11T16:06:34.858322,SDR,Pasar Senen 629,429,15.53,False,"{""success"":false,""message"":""ThrottlerException: Too Many Requests"",""error"":{""code"":""TOO_MANY_REQUESTS""},""path"":""/api/v1/stations"",""timestamp"":""2026-08-11T09:06:34.863Z""}"
2026-08-11T16:06:34.860018,SDS,Bandung 630,429,17.13,False,"{""success"":false,""message"":""ThrottlerException: Too Many Requests"",""error"":{""code"":""TOO_MANY_REQUESTS""},""path"":""/api/v1/stations"",""timestamp"":""2026-08-11T09:06:34.865Z""}"
2026-08-11T16:06:34.861143,PBX,Malang 631,429,18.77,False,"{""success"":false,""message"":""ThrottlerException: Too Many Requests"",""error"":{""code"":""TOO_MANY_REQUESTS""},""path"":""/api/v1/stations"",""timestamp"":""2026-08-11T09:06:34.877Z""}"
2026-08-11T16:06:34.877605,SDV,Balikpapan 640,429,4.8,False,"{""success"":false,""message"":""ThrottlerException: Too Many Requests"",""error"":{""code"":""TOO_MANY_REQUESTS""},""path"":""/api/v1/stations"",""timestamp"":""2026-08-11T09:06:34.880Z""}"
2026-08-11T16:06:34.865288,BEK,Cirebon 632,429,25.62,False,"{""success"":false,""message"":""ThrottlerException: Too Many Requests"",""error"":{""code"":""TOO_MANY_REQUESTS""},""path"":""/api/v1/stations"",""timestamp"":""2026-08-11T09:06:34.888Z""}"
2026-08-11T16:06:34.866219,SDT,Banyuwangi 633,429,28.37,False,"{""success"":false,""message"":""ThrottlerException: Too Many Requests"",""error"":{""code"":""TOO_MANY_REQUESTS""},""path"":""/api/v1/stations"",""timestamp"":""2026-08-11T09:06:34.892Z""}"
2026-08-11T16:06:34.867416,SDU,Surabaya Pasar Turi 634,429,30.12,False,"{""success"":false,""message"":""ThrottlerException: Too Many Requests"",""error"":{""code"":""TOO_MANY_REQUESTS""},""path"":""/api/v1/stations"",""timestamp"":""2026-08-11T09:06:34.894Z""}"
2026-08-11T16:06:34.868576,BEL,Bogor 635,429,32.49,False,"{""success"":false,""message"":""ThrottlerException: Too Many Requests"",""error"":{""code"":""TOO_MANY_REQUESTS""},""path"":""/api/v1/stations"",""timestamp"":""2026-08-11T09:06:34.898Z""}"
2026-08-11T16:06:34.870849,PBY,Bekasi 636,429,33.89,False,"{""success"":false,""message"":""ThrottlerException: Too Many Requests"",""error"":{""code"":""TOO_MANY_REQUESTS""},""path"":""/api/v1/stations"",""timestamp"":""2026-08-11T09:06:34.902Z""}"
2026-08-11T16:06:34.871874,JBD,Jember 637,429,40.35,False,"{""success"":false,""message"":""ThrottlerException: Too Many Requests"",""error"":{""code"":""TOO_MANY_REQUESTS""},""path"":""/api/v1/stations"",""timestamp"":""2026-08-11T09:06:34.905Z""}"
2026-08-11T16:06:34.874673,GAL,Pasar Senen 638,429,39.91,False,"{""success"":false,""message"":""ThrottlerException: Too Many Requests"",""error"":{""code"":""TOO_MANY_REQUESTS""},""path"":""/api/v1/stations"",""timestamp"":""2026-08-11T09:06:34.907Z""}"
2026-08-11T16:06:34.875963,PBZ,Kiaracondong 639,429,41.05,False,"{""success"":false,""message"":""ThrottlerException: Too Many Requests"",""error"":{""code"":""TOO_MANY_REQUESTS""},""path"":""/api/v1/stations"",""timestamp"":""2026-08-11T09:06:34.911Z""}"
2026-08-11T16:06:34.885091,DBT,Makassar 642,429,34.52,False,"{""success"":false,""message"":""ThrottlerException: Too Many Requests"",""error"":{""code"":""TOO_MANY_REQUESTS""},""path"":""/api/v1/stations"",""timestamp"":""2026-08-11T09:06:34.916Z""}"
2026-08-11T16:06:34.891681,CAH,Makassar 643,429,30.71,False,"{""success"":false,""message"":""ThrottlerException: Too Many Requests"",""error"":{""code"":""TOO_MANY_REQUESTS""},""path"":""/api/v1/stations"",""timestamp"":""2026-08-11T09:06:34.920Z""}"
2026-08-11T16:06:34.895179,PCA,Mataram 644,429,30.2,False,"{""success"":false,""message"":""ThrottlerException: Too Many Requests"",""error"":{""code"":""TOO_MANY_REQUESTS""},""path"":""/api/v1/stations"",""timestamp"":""2026-08-11T09:06:34.922Z""}"
2026-08-11T16:06:34.898681,SDW,Jatinegara 645,429,29.01,False,"{""success"":false,""message"":""ThrottlerException: Too Many Requests"",""error"":{""code"":""TOO_MANY_REQUESTS""},""path"":""/api/v1/stations"",""timestamp"":""2026-08-11T09:06:34.925Z""}"
2026-08-11T16:06:34.901527,SDX,Banyuwangi 646,429,29.05,False,"{""success"":false,""message"":""ThrottlerException: Too Many Requests"",""error"":{""code"":""TOO_MANY_REQUESTS""},""path"":""/api/v1/stations"",""timestamp"":""2026-08-11T09:06:34.928Z""}"
2026-08-11T16:06:34.909522,JBE,Bandung 647,429,23.11,False,"{""success"":false,""message"":""ThrottlerException: Too Many Requests"",""error"":{""code"":""TOO_MANY_REQUESTS""},""path"":""/api/v1/stations"",""timestamp"":""2026-08-11T09:06:34.930Z""}"
2026-08-11T16:06:34.880479,BEM,Manado 641,429,54.25,False,"{""success"":false,""message"":""ThrottlerException: Too Many Requests"",""error"":{""code"":""TOO_MANY_REQUESTS""},""path"":""/api/v1/stations"",""timestamp"":""2026-08-11T09:06:34.933Z""}"
2026-08-11T16:06:34.920159,PCB,Malang 651,429,17.58,False,"{""success"":false,""message"":""ThrottlerException: Too Many Requests"",""error"":{""code"":""TOO_MANY_REQUESTS""},""path"":""/api/v1/stations"",""timestamp"":""2026-08-11T09:06:34.935Z""}"
2026-08-11T16:06:34.922942,BEN,Cimahi 652,429,25.62,False,"{""success"":false,""message"":""ThrottlerException: Too Many Requests"",""error"":{""code"":""TOO_MANY_REQUESTS""},""path"":""/api/v1/stations"",""timestamp"":""2026-08-11T09:06:34.945Z""}"
2026-08-11T16:06:34.925838,MDV,Semarang Poncol 653,429,25.54,False,"{""success"":false,""message"":""ThrottlerException: Too Many Requests"",""error"":{""code"":""TOO_MANY_REQUESTS""},""path"":""/api/v1/stations"",""timestamp"":""2026-08-11T09:06:34.948Z""}"
2026-08-11T16:06:34.928181,JBF,Pontianak 654,429,25.3,False,"{""success"":false,""message"":""ThrottlerException: Too Many Requests"",""error"":{""code"":""TOO_MANY_REQUESTS""},""path"":""/api/v1/stations"",""timestamp"":""2026-08-11T09:06:34.950Z""}"
2026-08-11T16:06:34.931113,DBU,Cimahi 655,429,26.42,False,"{""success"":false,""message"":""ThrottlerException: Too Many Requests"",""error"":{""code"":""TOO_MANY_REQUESTS""},""path"":""/api/v1/stations"",""timestamp"":""2026-08-11T09:06:34.955Z""}"
2026-08-11T16:06:34.913276,SDY,Samarinda 648,429,47.59,False,"{""success"":false,""message"":""ThrottlerException: Too Many Requests"",""error"":{""code"":""TOO_MANY_REQUESTS""},""path"":""/api/v1/stations"",""timestamp"":""2026-08-11T09:06:34.958Z""}"
2026-08-11T16:06:34.915235,SDZ,Semarang Tawang 649,429,47.86,False,"{""success"":false,""message"":""ThrottlerException: Too Many Requests"",""error"":{""code"":""TOO_MANY_REQUESTS""},""path"":""/api/v1/stations"",""timestamp"":""2026-08-11T09:06:34.960Z""}"
2026-08-11T16:06:34.917523,SEA,Semarang Tawang 650,429,47.78,False,"{""success"":false,""message"":""ThrottlerException: Too Many Requests"",""error"":{""code"":""TOO_MANY_REQUESTS""},""path"":""/api/v1/stations"",""timestamp"":""2026-08-11T09:06:34.962Z""}"
2026-08-11T16:06:34.938464,TCN,Surabaya Pasar Turi 658,429,29.7,False,"{""success"":false,""message"":""ThrottlerException: Too Many Requests"",""error"":{""code"":""TOO_MANY_REQUESTS""},""path"":""/api/v1/stations"",""timestamp"":""2026-08-11T09:06:34.965Z""}"
2026-08-11T16:06:34.949301,SEC,Jember 659,429,22.32,False,"{""success"":false,""message"":""ThrottlerException: Too Many Requests"",""error"":{""code"":""TOO_MANY_REQUESTS""},""path"":""/api/v1/stations"",""timestamp"":""2026-08-11T09:06:34.969Z""}"
2026-08-11T16:06:34.951902,SED,Bandung 660,429,21.86,False,"{""success"":false,""message"":""ThrottlerException: Too Many Requests"",""error"":{""code"":""TOO_MANY_REQUESTS""},""path"":""/api/v1/stations"",""timestamp"":""2026-08-11T09:06:34.971Z""}"
2026-08-11T16:06:34.953939,SEE,Semarang Poncol 661,429,23.45,False,"{""success"":false,""message"":""ThrottlerException: Too Many Requests"",""error"":{""code"":""TOO_MANY_REQUESTS""},""path"":""/api/v1/stations"",""timestamp"":""2026-08-11T09:06:34.974Z""}"
2026-08-11T16:06:34.957870,BEO,Denpasar 662,429,22.38,False,"{""success"":false,""message"":""ThrottlerException: Too Many Requests"",""error"":{""code"":""TOO_MANY_REQUESTS""},""path"":""/api/v1/stations"",""timestamp"":""2026-08-11T09:06:34.976Z""}"
2026-08-11T16:06:34.961342,KBS,Manado 663,429,24.21,False,"{""success"":false,""message"":""ThrottlerException: Too Many Requests"",""error"":{""code"":""TOO_MANY_REQUESTS""},""path"":""/api/v1/stations"",""timestamp"":""2026-08-11T09:06:34.980Z""}"
2026-08-11T16:06:34.933172,JBG,Gambir 656,429,54.56,False,"{""success"":false,""message"":""ThrottlerException: Too Many Requests"",""error"":{""code"":""TOO_MANY_REQUESTS""},""path"":""/api/v1/stations"",""timestamp"":""2026-08-11T09:06:34.982Z""}"
2026-08-11T16:06:34.935182,SEB,Mataram 657,429,53.36,False,"{""success"":false,""message"":""ThrottlerException: Too Many Requests"",""error"":{""code"":""TOO_MANY_REQUESTS""},""path"":""/api/v1/stations"",""timestamp"":""2026-08-11T09:06:34.984Z""}"
2026-08-11T16:06:34.968611,TCO,Semarang Poncol 666,429,24.15,False,"{""success"":false,""message"":""ThrottlerException: Too Many Requests"",""error"":{""code"":""TOO_MANY_REQUESTS""},""path"":""/api/v1/stations"",""timestamp"":""2026-08-11T09:06:34.985Z""}"
2026-08-11T16:06:34.972042,GAM,Surabaya Pasar Turi 667,429,23.9,False,"{""success"":false,""message"":""ThrottlerException: Too Many Requests"",""error"":{""code"":""TOO_MANY_REQUESTS""},""path"":""/api/v1/stations"",""timestamp"":""2026-08-11T09:06:34.988Z""}"
2026-08-11T16:06:34.974296,TCP,Pontianak 668,429,24.91,False,"{""success"":false,""message"":""ThrottlerException: Too Many Requests"",""error"":{""code"":""TOO_MANY_REQUESTS""},""path"":""/api/v1/stations"",""timestamp"":""2026-08-11T09:06:34.989Z""}"
2026-08-11T16:06:34.978705,BEQ,Jember 669,429,23.15,False,"{""success"":false,""message"":""ThrottlerException: Too Many Requests"",""error"":{""code"":""TOO_MANY_REQUESTS""},""path"":""/api/v1/stations"",""timestamp"":""2026-08-11T09:06:34.992Z""}"
2026-08-11T16:06:34.963774,PCC,Samarinda 664,429,38.67,False,"{""success"":false,""message"":""ThrottlerException: Too Many Requests"",""error"":{""code"":""TOO_MANY_REQUESTS""},""path"":""/api/v1/stations"",""timestamp"":""2026-08-11T09:06:34.994Z""}"
2026-08-11T16:06:34.965906,BEP,Balikpapan 665,429,40.31,False,"{""success"":false,""message"":""ThrottlerException: Too Many Requests"",""error"":{""code"":""TOO_MANY_REQUESTS""},""path"":""/api/v1/stations"",""timestamp"":""2026-08-11T09:06:34.996Z""}"
2026-08-11T16:06:34.984082,PCD,Surabaya Pasar Turi 670,429,22.89,False,"{""success"":false,""message"":""ThrottlerException: Too Many Requests"",""error"":{""code"":""TOO_MANY_REQUESTS""},""path"":""/api/v1/stations"",""timestamp"":""2026-08-11T09:06:34.998Z""}"
2026-08-11T16:06:34.986573,KBT,Manggarai 671,429,23.99,False,"{""success"":false,""message"":""ThrottlerException: Too Many Requests"",""error"":{""code"":""TOO_MANY_REQUESTS""},""path"":""/api/v1/stations"",""timestamp"":""2026-08-11T09:06:35.000Z""}"
2026-08-11T16:06:34.989459,KBU,Surabaya Gubeng 672,429,23.78,False,"{""success"":false,""message"":""ThrottlerException: Too Many Requests"",""error"":{""code"":""TOO_MANY_REQUESTS""},""path"":""/api/v1/stations"",""timestamp"":""2026-08-11T09:06:35.002Z""}"
2026-08-11T16:06:34.990511,SEF,Malang 673,429,23.5,False,"{""success"":false,""message"":""ThrottlerException: Too Many Requests"",""error"":{""code"":""TOO_MANY_REQUESTS""},""path"":""/api/v1/stations"",""timestamp"":""2026-08-11T09:06:35.005Z""}"
2026-08-11T16:06:34.996943,SEG,Bekasi 674,429,20.65,False,"{""success"":false,""message"":""ThrottlerException: Too Many Requests"",""error"":{""code"":""TOO_MANY_REQUESTS""},""path"":""/api/v1/stations"",""timestamp"":""2026-08-11T09:06:35.009Z""}"
2026-08-11T16:06:34.997916,PCE,Bogor 675,429,20.13,False,"{""success"":false,""message"":""ThrottlerException: Too Many Requests"",""error"":{""code"":""TOO_MANY_REQUESTS""},""path"":""/api/v1/stations"",""timestamp"":""2026-08-11T09:06:35.011Z""}"
2026-08-11T16:06:35.000335,MDW,Bogor 676,429,21.13,False,"{""success"":false,""message"":""ThrottlerException: Too Many Requests"",""error"":{""code"":""TOO_MANY_REQUESTS""},""path"":""/api/v1/stations"",""timestamp"":""2026-08-11T09:06:35.014Z""}"
2026-08-11T16:06:35.003268,MDX,Balikpapan 677,429,20.03,False,"{""success"":false,""message"":""ThrottlerException: Too Many Requests"",""error"":{""code"":""TOO_MANY_REQUESTS""},""path"":""/api/v1/stations"",""timestamp"":""2026-08-11T09:06:35.016Z""}"
2026-08-11T16:06:35.004291,MDY,Surabaya Gubeng 678,429,24.02,False,"{""success"":false,""message"":""ThrottlerException: Too Many Requests"",""error"":{""code"":""TOO_MANY_REQUESTS""},""path"":""/api/v1/stations"",""timestamp"":""2026-08-11T09:06:35.018Z""}"
2026-08-11T16:06:35.007839,KBV,Bekasi 679,429,22.5,False,"{""success"":false,""message"":""ThrottlerException: Too Many Requests"",""error"":{""code"":""TOO_MANY_REQUESTS""},""path"":""/api/v1/stations"",""timestamp"":""2026-08-11T09:06:35.022Z""}"
2026-08-11T16:06:35.008737,TCQ,Jatinegara 680,429,22.84,False,"{""success"":false,""message"":""ThrottlerException: Too Many Requests"",""error"":{""code"":""TOO_MANY_REQUESTS""},""path"":""/api/v1/stations"",""timestamp"":""2026-08-11T09:06:35.024Z""}"
2026-08-11T16:06:35.011489,SEH,Jember 681,429,23.78,False,"{""success"":false,""message"":""ThrottlerException: Too Many Requests"",""error"":{""code"":""TOO_MANY_REQUESTS""},""path"":""/api/v1/stations"",""timestamp"":""2026-08-11T09:06:35.027Z""}"
2026-08-11T16:06:35.014707,BER,Jatinegara 682,429,27.36,False,"{""success"":false,""message"":""ThrottlerException: Too Many Requests"",""error"":{""code"":""TOO_MANY_REQUESTS""},""path"":""/api/v1/stations"",""timestamp"":""2026-08-11T09:06:35.029Z""}"
2026-08-11T16:06:35.015795,JBH,Cirebon 683,429,28.7,False,"{""success"":false,""message"":""ThrottlerException: Too Many Requests"",""error"":{""code"":""TOO_MANY_REQUESTS""},""path"":""/api/v1/stations"",""timestamp"":""2026-08-11T09:06:35.032Z""}"
2026-08-11T16:06:35.018793,DBV,Jayapura 684,429,26.23,False,"{""success"":false,""message"":""ThrottlerException: Too Many Requests"",""error"":{""code"":""TOO_MANY_REQUESTS""},""path"":""/api/v1/stations"",""timestamp"":""2026-08-11T09:06:35.034Z""}"
2026-08-11T16:06:35.019821,JBI,Surabaya Gubeng 685,429,25.76,False,"{""success"":false,""message"":""ThrottlerException: Too Many Requests"",""error"":{""code"":""TOO_MANY_REQUESTS""},""path"":""/api/v1/stations"",""timestamp"":""2026-08-11T09:06:35.036Z""}"
2026-08-11T16:06:35.022237,MDZ,Jayapura 686,429,23.72,False,"{""success"":false,""message"":""ThrottlerException: Too Many Requests"",""error"":{""code"":""TOO_MANY_REQUESTS""},""path"":""/api/v1/stations"",""timestamp"":""2026-08-11T09:06:35.038Z""}"
2026-08-11T16:06:35.027142,BES,Jember 687,429,22.47,False,"{""success"":false,""message"":""ThrottlerException: Too Many Requests"",""error"":{""code"":""TOO_MANY_REQUESTS""},""path"":""/api/v1/stations"",""timestamp"":""2026-08-11T09:06:35.040Z""}"
2026-08-11T16:06:35.029241,GAN,Mataram 688,429,23.88,False,"{""success"":false,""message"":""ThrottlerException: Too Many Requests"",""error"":{""code"":""TOO_MANY_REQUESTS""},""path"":""/api/v1/stations"",""timestamp"":""2026-08-11T09:06:35.042Z""}"
2026-08-11T16:06:35.032636,BET,Kiaracondong 689,429,22.37,False,"{""success"":false,""message"":""ThrottlerException: Too Many Requests"",""error"":{""code"":""TOO_MANY_REQUESTS""},""path"":""/api/v1/stations"",""timestamp"":""2026-08-11T09:06:35.045Z""}"
2026-08-11T16:06:35.033895,PCF,Jayapura 690,429,21.67,False,"{""success"":false,""message"":""ThrottlerException: Too Many Requests"",""error"":{""code"":""TOO_MANY_REQUESTS""},""path"":""/api/v1/stations"",""timestamp"":""2026-08-11T09:06:35.047Z""}"
2026-08-11T16:06:35.040943,PCG,Solo Balapan 691,429,15.07,False,"{""success"":false,""message"":""ThrottlerException: Too Many Requests"",""error"":{""code"":""TOO_MANY_REQUESTS""},""path"":""/api/v1/stations"",""timestamp"":""2026-08-11T09:06:35.050Z""}"
2026-08-11T16:06:35.043234,BEU,Manggarai 692,429,15.5,False,"{""success"":false,""message"":""ThrottlerException: Too Many Requests"",""error"":{""code"":""TOO_MANY_REQUESTS""},""path"":""/api/v1/stations"",""timestamp"":""2026-08-11T09:06:35.052Z""}"
2026-08-11T16:06:35.046549,PCH,Semarang Poncol 693,429,14.02,False,"{""success"":false,""message"":""ThrottlerException: Too Many Requests"",""error"":{""code"":""TOO_MANY_REQUESTS""},""path"":""/api/v1/stations"",""timestamp"":""2026-08-11T09:06:35.054Z""}"
2026-08-11T16:06:35.047375,CAI,Cimahi 694,429,15.16,False,"{""success"":false,""message"":""ThrottlerException: Too Many Requests"",""error"":{""code"":""TOO_MANY_REQUESTS""},""path"":""/api/v1/stations"",""timestamp"":""2026-08-11T09:06:35.055Z""}"
2026-08-11T16:06:35.048180,TCR,Surabaya Gubeng 695,429,15.07,False,"{""success"":false,""message"":""ThrottlerException: Too Many Requests"",""error"":{""code"":""TOO_MANY_REQUESTS""},""path"":""/api/v1/stations"",""timestamp"":""2026-08-11T09:06:35.057Z""}"
2026-08-11T16:06:35.048870,GAO,Semarang Poncol 696,429,16.94,False,"{""success"":false,""message"":""ThrottlerException: Too Many Requests"",""error"":{""code"":""TOO_MANY_REQUESTS""},""path"":""/api/v1/stations"",""timestamp"":""2026-08-11T09:06:35.059Z""}"
2026-08-11T16:06:35.052158,MEA,Pasar Senen 697,429,17.04,False,"{""success"":false,""message"":""ThrottlerException: Too Many Requests"",""error"":{""code"":""TOO_MANY_REQUESTS""},""path"":""/api/v1/stations"",""timestamp"":""2026-08-11T09:06:35.061Z""}"
2026-08-11T16:06:35.054101,PCI,Samarinda 698,429,16.91,False,"{""success"":false,""message"":""ThrottlerException: Too Many Requests"",""error"":{""code"":""TOO_MANY_REQUESTS""},""path"":""/api/v1/stations"",""timestamp"":""2026-08-11T09:06:35.063Z""}"
2026-08-11T16:06:35.056490,BEV,Cimahi 699,429,17.94,False,"{""success"":false,""message"":""ThrottlerException: Too Many Requests"",""error"":{""code"":""TOO_MANY_REQUESTS""},""path"":""/api/v1/stations"",""timestamp"":""2026-08-11T09:06:35.065Z""}"
2026-08-11T16:06:35.057226,CAJ,Bekasi 700,429,19.65,False,"{""success"":false,""message"":""ThrottlerException: Too Many Requests"",""error"":{""code"":""TOO_MANY_REQUESTS""},""path"":""/api/v1/stations"",""timestamp"":""2026-08-11T09:06:35.067Z""}"
2026-08-11T16:06:35.057848,BEW,Surabaya Pasar Turi 701,429,20.68,False,"{""success"":false,""message"":""ThrottlerException: Too Many Requests"",""error"":{""code"":""TOO_MANY_REQUESTS""},""path"":""/api/v1/stations"",""timestamp"":""2026-08-11T09:06:35.068Z""}"
2026-08-11T16:06:35.059467,MEB,Mataram 702,429,19.46,False,"{""success"":false,""message"":""ThrottlerException: Too Many Requests"",""error"":{""code"":""TOO_MANY_REQUESTS""},""path"":""/api/v1/stations"",""timestamp"":""2026-08-11T09:06:35.070Z""}"
2026-08-11T16:06:35.061327,BEX,Pontianak 703,429,18.13,False,"{""success"":false,""message"":""ThrottlerException: Too Many Requests"",""error"":{""code"":""TOO_MANY_REQUESTS""},""path"":""/api/v1/stations"",""timestamp"":""2026-08-11T09:06:35.072Z""}"
2026-08-11T16:06:35.063927,TCS,Yogyakarta 704,429,18.95,False,"{""success"":false,""message"":""ThrottlerException: Too Many Requests"",""error"":{""code"":""TOO_MANY_REQUESTS""},""path"":""/api/v1/stations"",""timestamp"":""2026-08-11T09:06:35.074Z""}"
2026-08-11T16:06:35.064748,SEI,Balikpapan 705,429,22.05,False,"{""success"":false,""message"":""ThrottlerException: Too Many Requests"",""error"":{""code"":""TOO_MANY_REQUESTS""},""path"":""/api/v1/stations"",""timestamp"":""2026-08-11T09:06:35.075Z""}"
2026-08-11T16:06:35.068160,MEC,Manado 706,429,21.24,False,"{""success"":false,""message"":""ThrottlerException: Too Many Requests"",""error"":{""code"":""TOO_MANY_REQUESTS""},""path"":""/api/v1/stations"",""timestamp"":""2026-08-11T09:06:35.077Z""}"
2026-08-11T16:06:35.070049,AAP,Makassar 707,429,19.91,False,"{""success"":false,""message"":""ThrottlerException: Too Many Requests"",""error"":{""code"":""TOO_MANY_REQUESTS""},""path"":""/api/v1/stations"",""timestamp"":""2026-08-11T09:06:35.078Z""}"
2026-08-11T16:06:35.075132,BEY,Banyuwangi 708,429,17.24,False,"{""success"":false,""message"":""ThrottlerException: Too Many Requests"",""error"":{""code"":""TOO_MANY_REQUESTS""},""path"":""/api/v1/stations"",""timestamp"":""2026-08-11T09:06:35.080Z""}"
2026-08-11T16:06:35.076065,TCT,Semarang Tawang 709,429,16.75,False,"{""success"":false,""message"":""ThrottlerException: Too Many Requests"",""error"":{""code"":""TOO_MANY_REQUESTS""},""path"":""/api/v1/stations"",""timestamp"":""2026-08-11T09:06:35.081Z""}"
2026-08-11T16:06:35.077705,MED,Surabaya Gubeng 710,429,15.52,False,"{""success"":false,""message"":""ThrottlerException: Too Many Requests"",""error"":{""code"":""TOO_MANY_REQUESTS""},""path"":""/api/v1/stations"",""timestamp"":""2026-08-11T09:06:35.084Z""}"
2026-08-11T16:06:35.080087,MEE,Balikpapan 711,429,15.69,False,"{""success"":false,""message"":""ThrottlerException: Too Many Requests"",""error"":{""code"":""TOO_MANY_REQUESTS""},""path"":""/api/v1/stations"",""timestamp"":""2026-08-11T09:06:35.087Z""}"
2026-08-11T16:06:35.081118,TCU,Malang 712,429,16.39,False,"{""success"":false,""message"":""ThrottlerException: Too Many Requests"",""error"":{""code"":""TOO_MANY_REQUESTS""},""path"":""/api/v1/stations"",""timestamp"":""2026-08-11T09:06:35.090Z""}"
2026-08-11T16:06:35.081938,AAQ,Banyuwangi 713,429,18.7,False,"{""success"":false,""message"":""ThrottlerException: Too Many Requests"",""error"":{""code"":""TOO_MANY_REQUESTS""},""path"":""/api/v1/stations"",""timestamp"":""2026-08-11T09:06:35.093Z""}"
2026-08-11T16:06:35.087487,MEF,Malang 714,429,14.08,False,"{""success"":false,""message"":""ThrottlerException: Too Many Requests"",""error"":{""code"":""TOO_MANY_REQUESTS""},""path"":""/api/v1/stations"",""timestamp"":""2026-08-11T09:06:35.094Z""}"
2026-08-11T16:06:35.088385,KBW,Manggarai 715,429,16.29,False,"{""success"":false,""message"":""ThrottlerException: Too Many Requests"",""error"":{""code"":""TOO_MANY_REQUESTS""},""path"":""/api/v1/stations"",""timestamp"":""2026-08-11T09:06:35.096Z""}"
2026-08-11T16:06:35.090775,KBX,Solo Balapan 716,429,14.25,False,"{""success"":false,""message"":""ThrottlerException: Too Many Requests"",""error"":{""code"":""TOO_MANY_REQUESTS""},""path"":""/api/v1/stations"",""timestamp"":""2026-08-11T09:06:35.098Z""}"
2026-08-11T16:06:35.091548,BEZ,Solo Balapan 717,429,15.82,False,"{""success"":false,""message"":""ThrottlerException: Too Many Requests"",""error"":{""code"":""TOO_MANY_REQUESTS""},""path"":""/api/v1/stations"",""timestamp"":""2026-08-11T09:06:35.099Z""}"
2026-08-11T16:06:35.093632,DBW,Manggarai 718,429,14.39,False,"{""success"":false,""message"":""ThrottlerException: Too Many Requests"",""error"":{""code"":""TOO_MANY_REQUESTS""},""path"":""/api/v1/stations"",""timestamp"":""2026-08-11T09:06:35.101Z""}"
2026-08-11T16:06:35.094364,PCJ,Manggarai 719,429,16.13,False,"{""success"":false,""message"":""ThrottlerException: Too Many Requests"",""error"":{""code"":""TOO_MANY_REQUESTS""},""path"":""/api/v1/stations"",""timestamp"":""2026-08-11T09:06:35.103Z""}"
2026-08-11T16:06:35.095021,JBJ,Bogor 720,429,17.38,False,"{""success"":false,""message"":""ThrottlerException: Too Many Requests"",""error"":{""code"":""TOO_MANY_REQUESTS""},""path"":""/api/v1/stations"",""timestamp"":""2026-08-11T09:06:35.105Z""}"
2026-08-11T16:06:35.096571,SEJ,Makassar 721,429,16.99,False,"{""success"":false,""message"":""ThrottlerException: Too Many Requests"",""error"":{""code"":""TOO_MANY_REQUESTS""},""path"":""/api/v1/stations"",""timestamp"":""2026-08-11T09:06:35.106Z""}"
2026-08-11T16:06:35.099677,BFA,Samarinda 722,429,16.9,False,"{""success"":false,""message"":""ThrottlerException: Too Many Requests"",""error"":{""code"":""TOO_MANY_REQUESTS""},""path"":""/api/v1/stations"",""timestamp"":""2026-08-11T09:06:35.107Z""}"
2026-08-11T16:06:35.102493,BFB,Lempuyangan 723,429,17.36,False,"{""success"":false,""message"":""ThrottlerException: Too Many Requests"",""error"":{""code"":""TOO_MANY_REQUESTS""},""path"":""/api/v1/stations"",""timestamp"":""2026-08-11T09:06:35.109Z""}"
2026-08-11T16:06:35.103790,KBY,Banyuwangi 724,429,18.44,False,"{""success"":false,""message"":""ThrottlerException: Too Many Requests"",""error"":{""code"":""TOO_MANY_REQUESTS""},""path"":""/api/v1/stations"",""timestamp"":""2026-08-11T09:06:35.111Z""}"
2026-08-11T16:06:35.105669,MEG,Pontianak 725,429,17.24,False,"{""success"":false,""message"":""ThrottlerException: Too Many Requests"",""error"":{""code"":""TOO_MANY_REQUESTS""},""path"":""/api/v1/stations"",""timestamp"":""2026-08-11T09:06:35.113Z""}"
2026-08-11T16:06:35.106503,BFC,Makassar 726,429,18.53,False,"{""success"":false,""message"":""ThrottlerException: Too Many Requests"",""error"":{""code"":""TOO_MANY_REQUESTS""},""path"":""/api/v1/stations"",""timestamp"":""2026-08-11T09:06:35.114Z""}"
2026-08-11T16:06:35.108543,PCK,Cimahi 727,429,17.08,False,"{""success"":false,""message"":""ThrottlerException: Too Many Requests"",""error"":{""code"":""TOO_MANY_REQUESTS""},""path"":""/api/v1/stations"",""timestamp"":""2026-08-11T09:06:35.116Z""}"
2026-08-11T16:06:35.109429,DBX,Surabaya Gubeng 728,429,16.44,False,"{""success"":false,""message"":""ThrottlerException: Too Many Requests"",""error"":{""code"":""TOO_MANY_REQUESTS""},""path"":""/api/v1/stations"",""timestamp"":""2026-08-11T09:06:35.118Z""}"
2026-08-11T16:06:35.111328,MEH,Cirebon 729,429,18.22,False,"{""success"":false,""message"":""ThrottlerException: Too Many Requests"",""error"":{""code"":""TOO_MANY_REQUESTS""},""path"":""/api/v1/stations"",""timestamp"":""2026-08-11T09:06:35.120Z""}"
2026-08-11T16:06:35.114487,MEI,Surabaya Pasar Turi 730,429,18.07,False,"{""success"":false,""message"":""ThrottlerException: Too Many Requests"",""error"":{""code"":""TOO_MANY_REQUESTS""},""path"":""/api/v1/stations"",""timestamp"":""2026-08-11T09:06:35.121Z""}"
2026-08-11T16:06:35.115296,MEJ,Banyuwangi 731,429,19.62,False,"{""success"":false,""message"":""ThrottlerException: Too Many Requests"",""error"":{""code"":""TOO_MANY_REQUESTS""},""path"":""/api/v1/stations"",""timestamp"":""2026-08-11T09:06:35.123Z""}"
2026-08-11T16:06:35.120597,TCV,Semarang Tawang 732,429,16.3,False,"{""success"":false,""message"":""ThrottlerException: Too Many Requests"",""error"":{""code"":""TOO_MANY_REQUESTS""},""path"":""/api/v1/stations"",""timestamp"":""2026-08-11T09:06:35.125Z""}"
2026-08-11T16:06:35.121381,SEK,Kiaracondong 733,429,16.05,False,"{""success"":false,""message"":""ThrottlerException: Too Many Requests"",""error"":{""code"":""TOO_MANY_REQUESTS""},""path"":""/api/v1/stations"",""timestamp"":""2026-08-11T09:06:35.127Z""}"
2026-08-11T16:06:35.123519,TCW,Balikpapan 734,429,14.94,False,"{""success"":false,""message"":""ThrottlerException: Too Many Requests"",""error"":{""code"":""TOO_MANY_REQUESTS""},""path"":""/api/v1/stations"",""timestamp"":""2026-08-11T09:06:35.130Z""}"
2026-08-11T16:06:35.124236,MEK,Kiaracondong 735,429,14.59,False,"{""success"":false,""message"":""ThrottlerException: Too Many Requests"",""error"":{""code"":""TOO_MANY_REQUESTS""},""path"":""/api/v1/stations"",""timestamp"":""2026-08-11T09:06:35.131Z""}"
2026-08-11T16:06:35.126325,BFD,Banjarmasin 736,429,17.2,False,"{""success"":false,""message"":""ThrottlerException: Too Many Requests"",""error"":{""code"":""TOO_MANY_REQUESTS""},""path"":""/api/v1/stations"",""timestamp"":""2026-08-11T09:06:35.133Z""}"
2026-08-11T16:06:35.127278,AAR,Manggarai 737,429,18.16,False,"{""success"":false,""message"":""ThrottlerException: Too Many Requests"",""error"":{""code"":""TOO_MANY_REQUESTS""},""path"":""/api/v1/stations"",""timestamp"":""2026-08-11T09:06:35.135Z""}"
2026-08-11T16:06:35.128367,SEL,Bandung 738,429,17.74,False,"{""success"":false,""message"":""ThrottlerException: Too Many Requests"",""error"":{""code"":""TOO_MANY_REQUESTS""},""path"":""/api/v1/stations"",""timestamp"":""2026-08-11T09:06:35.137Z""}"
2026-08-11T16:06:35.133201,MEL,Madiun 739,429,15.38,False,"{""success"":false,""message"":""ThrottlerException: Too Many Requests"",""error"":{""code"":""TOO_MANY_REQUESTS""},""path"":""/api/v1/stations"",""timestamp"":""2026-08-11T09:06:35.138Z""}"
2026-08-11T16:06:35.134080,SEM,Jatinegara 740,429,15.11,False,"{""success"":false,""message"":""ThrottlerException: Too Many Requests"",""error"":{""code"":""TOO_MANY_REQUESTS""},""path"":""/api/v1/stations"",""timestamp"":""2026-08-11T09:06:35.140Z""}"
2026-08-11T16:06:35.135818,PCL,Samarinda 741,429,13.8,False,"{""success"":false,""message"":""ThrottlerException: Too Many Requests"",""error"":{""code"":""TOO_MANY_REQUESTS""},""path"":""/api/v1/stations"",""timestamp"":""2026-08-11T09:06:35.142Z""}"
2026-08-11T16:06:35.139387,MEM,Pasar Senen 742,429,13.8,False,"{""success"":false,""message"":""ThrottlerException: Too Many Requests"",""error"":{""code"":""TOO_MANY_REQUESTS""},""path"":""/api/v1/stations"",""timestamp"":""2026-08-11T09:06:35.145Z""}"
2026-08-11T16:06:35.140326,CAK,Makassar 743,429,15.11,False,"{""success"":false,""message"":""ThrottlerException: Too Many Requests"",""error"":{""code"":""TOO_MANY_REQUESTS""},""path"":""/api/v1/stations"",""timestamp"":""2026-08-11T09:06:35.147Z""}"
2026-08-11T16:06:35.141279,DBY,Pasar Senen 744,429,16.43,False,"{""success"":false,""message"":""ThrottlerException: Too Many Requests"",""error"":{""code"":""TOO_MANY_REQUESTS""},""path"":""/api/v1/stations"",""timestamp"":""2026-08-11T09:06:35.149Z""}"
2026-08-11T16:06:35.142305,GAP,Cirebon 745,429,18.53,False,"{""success"":false,""message"":""ThrottlerException: Too Many Requests"",""error"":{""code"":""TOO_MANY_REQUESTS""},""path"":""/api/v1/stations"",""timestamp"":""2026-08-11T09:06:35.150Z""}"
2026-08-11T16:06:35.144446,SEN,Pontianak 746,429,20.71,False,"{""success"":false,""message"":""ThrottlerException: Too Many Requests"",""error"":{""code"":""TOO_MANY_REQUESTS""},""path"":""/api/v1/stations"",""timestamp"":""2026-08-11T09:06:35.152Z""}"
2026-08-11T16:06:35.146972,SEO,Solo Balapan 747,429,22.72,False,"{""success"":false,""message"":""ThrottlerException: Too Many Requests"",""error"":{""code"":""TOO_MANY_REQUESTS""},""path"":""/api/v1/stations"",""timestamp"":""2026-08-11T09:06:35.154Z""}"
2026-08-11T16:06:35.147754,DBZ,Lempuyangan 748,429,22.61,False,"{""success"":false,""message"":""ThrottlerException: Too Many Requests"",""error"":{""code"":""TOO_MANY_REQUESTS""},""path"":""/api/v1/stations"",""timestamp"":""2026-08-11T09:06:35.157Z""}"
2026-08-11T16:06:35.150398,SEP,Madiun 749,429,20.48,False,"{""success"":false,""message"":""ThrottlerException: Too Many Requests"",""error"":{""code"":""TOO_MANY_REQUESTS""},""path"":""/api/v1/stations"",""timestamp"":""2026-08-11T09:06:35.160Z""}"
2026-08-11T16:06:35.151252,PCM,Manado 750,429,23.7,False,"{""success"":false,""message"":""ThrottlerException: Too Many Requests"",""error"":{""code"":""TOO_MANY_REQUESTS""},""path"":""/api/v1/stations"",""timestamp"":""2026-08-11T09:06:35.162Z""}"
2026-08-11T16:06:35.152231,BFE,Manggarai 751,429,25.33,False,"{""success"":false,""message"":""ThrottlerException: Too Many Requests"",""error"":{""code"":""TOO_MANY_REQUESTS""},""path"":""/api/v1/stations"",""timestamp"":""2026-08-11T09:06:35.165Z""}"
2026-08-11T16:06:35.154112,GAQ,Pontianak 752,429,23.91,False,"{""success"":false,""message"":""ThrottlerException: Too Many Requests"",""error"":{""code"":""TOO_MANY_REQUESTS""},""path"":""/api/v1/stations"",""timestamp"":""2026-08-11T09:06:35.166Z""}"
2026-08-11T16:06:35.156182,TCX,Balikpapan 753,429,24.73,False,"{""success"":false,""message"":""ThrottlerException: Too Many Requests"",""error"":{""code"":""TOO_MANY_REQUESTS""},""path"":""/api/v1/stations"",""timestamp"":""2026-08-11T09:06:35.168Z""}"
2026-08-11T16:06:35.162310,DCA,Ketapang 754,429,19.03,False,"{""success"":false,""message"":""ThrottlerException: Too Many Requests"",""error"":{""code"":""TOO_MANY_REQUESTS""},""path"":""/api/v1/stations"",""timestamp"":""2026-08-11T09:06:35.169Z""}"
2026-08-11T16:06:35.163817,SEQ,Banyuwangi 755,429,20.51,False,"{""success"":false,""message"":""ThrottlerException: Too Many Requests"",""error"":{""code"":""TOO_MANY_REQUESTS""},""path"":""/api/v1/stations"",""timestamp"":""2026-08-11T09:06:35.171Z""}"
2026-08-11T16:06:35.168631,BFF,Jayapura 756,429,16.4,False,"{""success"":false,""message"":""ThrottlerException: Too Many Requests"",""error"":{""code"":""TOO_MANY_REQUESTS""},""path"":""/api/v1/stations"",""timestamp"":""2026-08-11T09:06:35.173Z""}"
2026-08-11T16:06:35.171635,MEN,Semarang Tawang 757,429,13.96,False,"{""success"":false,""message"":""ThrottlerException: Too Many Requests"",""error"":{""code"":""TOO_MANY_REQUESTS""},""path"":""/api/v1/stations"",""timestamp"":""2026-08-11T09:06:35.174Z""}"
2026-08-11T16:06:35.172628,BFG,Bandung 758,429,13.36,False,"{""success"":false,""message"":""ThrottlerException: Too Many Requests"",""error"":{""code"":""TOO_MANY_REQUESTS""},""path"":""/api/v1/stations"",""timestamp"":""2026-08-11T09:06:35.176Z""}"
2026-08-11T16:06:35.173715,BFH,Manggarai 759,429,12.7,False,"{""success"":false,""message"":""ThrottlerException: Too Many Requests"",""error"":{""code"":""TOO_MANY_REQUESTS""},""path"":""/api/v1/stations"",""timestamp"":""2026-08-11T09:06:35.177Z""}"
2026-08-11T16:06:35.178714,DCB,Malang 760,429,13.14,False,"{""success"":false,""message"":""ThrottlerException: Too Many Requests"",""error"":{""code"":""TOO_MANY_REQUESTS""},""path"":""/api/v1/stations"",""timestamp"":""2026-08-11T09:06:35.181Z""}"
2026-08-11T16:06:35.179523,TCY,Kiaracondong 761,429,14.07,False,"{""success"":false,""message"":""ThrottlerException: Too Many Requests"",""error"":{""code"":""TOO_MANY_REQUESTS""},""path"":""/api/v1/stations"",""timestamp"":""2026-08-11T09:06:35.184Z""}"
2026-08-11T16:06:35.180191,KBZ,Banyuwangi 762,429,13.99,False,"{""success"":false,""message"":""ThrottlerException: Too Many Requests"",""error"":{""code"":""TOO_MANY_REQUESTS""},""path"":""/api/v1/stations"",""timestamp"":""2026-08-11T09:06:35.188Z""}"
2026-08-11T16:06:35.182272,PCN,Ketapang 763,429,14.18,False,"{""success"":false,""message"":""ThrottlerException: Too Many Requests"",""error"":{""code"":""TOO_MANY_REQUESTS""},""path"":""/api/v1/stations"",""timestamp"":""2026-08-11T09:06:35.193Z""}"
2026-08-11T16:06:35.183171,DCC,Bandung 764,429,14.95,False,"{""success"":false,""message"":""ThrottlerException: Too Many Requests"",""error"":{""code"":""TOO_MANY_REQUESTS""},""path"":""/api/v1/stations"",""timestamp"":""2026-08-11T09:06:35.195Z""}"
2026-08-11T16:06:35.186842,AAS,Manado 765,429,12.75,False,"{""success"":false,""message"":""ThrottlerException: Too Many Requests"",""error"":{""code"":""TOO_MANY_REQUESTS""},""path"":""/api/v1/stations"",""timestamp"":""2026-08-11T09:06:35.197Z""}"
2026-08-11T16:06:35.187803,YAU,Malang 766,429,13.67,False,"{""success"":false,""message"":""ThrottlerException: Too Many Requests"",""error"":{""code"":""TOO_MANY_REQUESTS""},""path"":""/api/v1/stations"",""timestamp"":""2026-08-11T09:06:35.198Z""}"
2026-08-11T16:06:35.188853,SER,Mataram 767,429,14.79,False,"{""success"":false,""message"":""ThrottlerException: Too Many Requests"",""error"":{""code"":""TOO_MANY_REQUESTS""},""path"":""/api/v1/stations"",""timestamp"":""2026-08-11T09:06:35.200Z""}"
2026-08-11T16:06:35.196929,TCZ,Manado 773,429,10.34,False,"{""success"":false,""message"":""ThrottlerException: Too Many Requests"",""error"":{""code"":""TOO_MANY_REQUESTS""},""path"":""/api/v1/stations"",""timestamp"":""2026-08-11T09:06:35.205Z""}"
2026-08-11T16:06:35.198511,SEU,Semarang Tawang 774,429,12.17,False,"{""success"":false,""message"":""ThrottlerException: Too Many Requests"",""error"":{""code"":""TOO_MANY_REQUESTS""},""path"":""/api/v1/stations"",""timestamp"":""2026-08-11T09:06:35.207Z""}"
2026-08-11T16:06:35.189701,PCO,Yogyakarta 768,429,24.74,False,"{""success"":false,""message"":""ThrottlerException: Too Many Requests"",""error"":{""code"":""TOO_MANY_REQUESTS""},""path"":""/api/v1/stations"",""timestamp"":""2026-08-11T09:06:35.209Z""}"
2026-08-11T16:06:35.190540,SES,Solo Balapan 769,429,26.34,False,"{""success"":false,""message"":""ThrottlerException: Too Many Requests"",""error"":{""code"":""TOO_MANY_REQUESTS""},""path"":""/api/v1/stations"",""timestamp"":""2026-08-11T09:06:35.210Z""}"
2026-08-11T16:06:35.192616,SET,Balikpapan 770,429,25.84,False,"{""success"":false,""message"":""ThrottlerException: Too Many Requests"",""error"":{""code"":""TOO_MANY_REQUESTS""},""path"":""/api/v1/stations"",""timestamp"":""2026-08-11T09:06:35.212Z""}"
2026-08-11T16:06:35.194441,BFI,Balikpapan 771,429,30.69,False,"{""success"":false,""message"":""ThrottlerException: Too Many Requests"",""error"":{""code"":""TOO_MANY_REQUESTS""},""path"":""/api/v1/stations"",""timestamp"":""2026-08-11T09:06:35.214Z""}"
2026-08-11T16:06:35.195252,BFJ,Pasar Senen 772,429,30.42,False,"{""success"":false,""message"":""ThrottlerException: Too Many Requests"",""error"":{""code"":""TOO_MANY_REQUESTS""},""path"":""/api/v1/stations"",""timestamp"":""2026-08-11T09:06:35.216Z""}"
2026-08-11T16:06:35.209470,DCD,Surabaya Pasar Turi 778,429,20.49,False,"{""success"":false,""message"":""ThrottlerException: Too Many Requests"",""error"":{""code"":""TOO_MANY_REQUESTS""},""path"":""/api/v1/stations"",""timestamp"":""2026-08-11T09:06:35.217Z""}"
2026-08-11T16:06:35.213479,MEO,Solo Balapan 779,429,17.48,False,"{""success"":false,""message"":""ThrottlerException: Too Many Requests"",""error"":{""code"":""TOO_MANY_REQUESTS""},""path"":""/api/v1/stations"",""timestamp"":""2026-08-11T09:06:35.219Z""}"
2026-08-11T16:06:35.200155,JBK,Banyuwangi 775,429,31.44,False,"{""success"":false,""message"":""ThrottlerException: Too Many Requests"",""error"":{""code"":""TOO_MANY_REQUESTS""},""path"":""/api/v1/stations"",""timestamp"":""2026-08-11T09:06:35.221Z""}"
2026-08-11T16:06:35.201921,PCP,Bekasi 776,429,34.44,False,"{""success"":false,""message"":""ThrottlerException: Too Many Requests"",""error"":{""code"":""TOO_MANY_REQUESTS""},""path"":""/api/v1/stations"",""timestamp"":""2026-08-11T09:06:35.223Z""}"
2026-08-11T16:06:35.206061,SEV,Solo Balapan 777,429,30.92,False,"{""success"":false,""message"":""ThrottlerException: Too Many Requests"",""error"":{""code"":""TOO_MANY_REQUESTS""},""path"":""/api/v1/stations"",""timestamp"":""2026-08-11T09:06:35.224Z""}"
2026-08-11T16:06:35.215367,DCE,Semarang Poncol 780,429,24.34,False,"{""success"":false,""message"":""ThrottlerException: Too Many Requests"",""error"":{""code"":""TOO_MANY_REQUESTS""},""path"":""/api/v1/stations"",""timestamp"":""2026-08-11T09:06:35.226Z""}"
2026-08-11T16:06:35.217529,MEP,Kiaracondong 781,429,22.93,False,"{""success"":false,""message"":""ThrottlerException: Too Many Requests"",""error"":{""code"":""TOO_MANY_REQUESTS""},""path"":""/api/v1/stations"",""timestamp"":""2026-08-11T09:06:35.227Z""}"
2026-08-11T16:06:35.224157,BFK,Pontianak 782,429,16.89,False,"{""success"":false,""message"":""ThrottlerException: Too Many Requests"",""error"":{""code"":""TOO_MANY_REQUESTS""},""path"":""/api/v1/stations"",""timestamp"":""2026-08-11T09:06:35.229Z""}"
2026-08-11T16:06:35.227078,SEW,Pasar Senen 783,429,14.51,False,"{""success"":false,""message"":""ThrottlerException: Too Many Requests"",""error"":{""code"":""TOO_MANY_REQUESTS""},""path"":""/api/v1/stations"",""timestamp"":""2026-08-11T09:06:35.231Z""}"
2026-08-11T16:06:35.228381,PCQ,Manggarai 784,429,17.4,False,"{""success"":false,""message"":""ThrottlerException: Too Many Requests"",""error"":{""code"":""TOO_MANY_REQUESTS""},""path"":""/api/v1/stations"",""timestamp"":""2026-08-11T09:06:35.232Z""}"
2026-08-11T16:06:35.232881,KCA,Manggarai 785,429,13.37,False,"{""success"":false,""message"":""ThrottlerException: Too Many Requests"",""error"":{""code"":""TOO_MANY_REQUESTS""},""path"":""/api/v1/stations"",""timestamp"":""2026-08-11T09:06:35.235Z""}"
2026-08-11T16:06:35.234279,GAR,Jayapura 786,429,15.18,False,"{""success"":false,""message"":""ThrottlerException: Too Many Requests"",""error"":{""code"":""TOO_MANY_REQUESTS""},""path"":""/api/v1/stations"",""timestamp"":""2026-08-11T09:06:35.238Z""}"
2026-08-11T16:06:35.235202,MEQ,Madiun 787,429,16.29,False,"{""success"":false,""message"":""ThrottlerException: Too Many Requests"",""error"":{""code"":""TOO_MANY_REQUESTS""},""path"":""/api/v1/stations"",""timestamp"":""2026-08-11T09:06:35.241Z""}"
2026-08-11T16:06:35.237978,MER,Pasar Senen 788,429,16.62,False,"{""success"":false,""message"":""ThrottlerException: Too Many Requests"",""error"":{""code"":""TOO_MANY_REQUESTS""},""path"":""/api/v1/stations"",""timestamp"":""2026-08-11T09:06:35.242Z""}"
2026-08-11T16:06:35.238807,MES,Madiun 789,429,18.6,False,"{""success"":false,""message"":""ThrottlerException: Too Many Requests"",""error"":{""code"":""TOO_MANY_REQUESTS""},""path"":""/api/v1/stations"",""timestamp"":""2026-08-11T09:06:35.244Z""}"
2026-08-11T16:06:35.242535,KCB,Lempuyangan 790,429,15.49,False,"{""success"":false,""message"":""ThrottlerException: Too Many Requests"",""error"":{""code"":""TOO_MANY_REQUESTS""},""path"":""/api/v1/stations"",""timestamp"":""2026-08-11T09:06:35.245Z""}"
2026-08-11T16:06:35.243349,BFL,Yogyakarta 791,429,17.57,False,"{""success"":false,""message"":""ThrottlerException: Too Many Requests"",""error"":{""code"":""TOO_MANY_REQUESTS""},""path"":""/api/v1/stations"",""timestamp"":""2026-08-11T09:06:35.246Z""}"
2026-08-11T16:06:35.244208,MET,Gambir 792,429,17.15,False,"{""success"":false,""message"":""ThrottlerException: Too Many Requests"",""error"":{""code"":""TOO_MANY_REQUESTS""},""path"":""/api/v1/stations"",""timestamp"":""2026-08-11T09:06:35.248Z""}"
2026-08-11T16:06:35.244970,MEU,Jatinegara 793,429,17.07,False,"{""success"":false,""message"":""ThrottlerException: Too Many Requests"",""error"":{""code"":""TOO_MANY_REQUESTS""},""path"":""/api/v1/stations"",""timestamp"":""2026-08-11T09:06:35.249Z""}"
2026-08-11T16:06:35.247476,BFM,Lempuyangan 794,429,17.8,False,"{""success"":false,""message"":""ThrottlerException: Too Many Requests"",""error"":{""code"":""TOO_MANY_REQUESTS""},""path"":""/api/v1/stations"",""timestamp"":""2026-08-11T09:06:35.251Z""}"
2026-08-11T16:06:35.248473,PCR,Bogor 795,429,19.84,False,"{""success"":false,""message"":""ThrottlerException: Too Many Requests"",""error"":{""code"":""TOO_MANY_REQUESTS""},""path"":""/api/v1/stations"",""timestamp"":""2026-08-11T09:06:35.253Z""}"
2026-08-11T16:06:35.252614,PCS,Jatinegara 796,429,16.28,False,"{""success"":false,""message"":""ThrottlerException: Too Many Requests"",""error"":{""code"":""TOO_MANY_REQUESTS""},""path"":""/api/v1/stations"",""timestamp"":""2026-08-11T09:06:35.255Z""}"
2026-08-11T16:06:35.253696,SEX,Cirebon 797,429,15.62,False,"{""success"":false,""message"":""ThrottlerException: Too Many Requests"",""error"":{""code"":""TOO_MANY_REQUESTS""},""path"":""/api/v1/stations"",""timestamp"":""2026-08-11T09:06:35.256Z""}"
2026-08-11T16:06:35.258744,TDA,Ketapang 798,429,14.49,False,"{""success"":false,""message"":""ThrottlerException: Too Many Requests"",""error"":{""code"":""TOO_MANY_REQUESTS""},""path"":""/api/v1/stations"",""timestamp"":""2026-08-11T09:06:35.261Z""}"
2026-08-11T16:06:35.259553,DCF,Madiun 799,429,15.86,False,"{""success"":false,""message"":""ThrottlerException: Too Many Requests"",""error"":{""code"":""TOO_MANY_REQUESTS""},""path"":""/api/v1/stations"",""timestamp"":""2026-08-11T09:06:35.262Z""}"
2026-08-11T16:06:35.260221,JBL,Makassar 800,429,15.71,False,"{""success"":false,""message"":""ThrottlerException: Too Many Requests"",""error"":{""code"":""TOO_MANY_REQUESTS""},""path"":""/api/v1/stations"",""timestamp"":""2026-08-11T09:06:35.264Z""}"
2026-08-11T16:06:35.262792,MEV,Bandung 801,429,13.63,False,"{""success"":false,""message"":""ThrottlerException: Too Many Requests"",""error"":{""code"":""TOO_MANY_REQUESTS""},""path"":""/api/v1/stations"",""timestamp"":""2026-08-11T09:06:35.266Z""}"
2026-08-11T16:06:35.263499,TDB,Bogor 802,429,13.29,False,"{""success"":false,""message"":""ThrottlerException: Too Many Requests"",""error"":{""code"":""TOO_MANY_REQUESTS""},""path"":""/api/v1/stations"",""timestamp"":""2026-08-11T09:06:35.267Z""}"
2026-08-11T16:06:35.264314,KCC,Gambir 803,429,16.37,False,"{""success"":false,""message"":""ThrottlerException: Too Many Requests"",""error"":{""code"":""TOO_MANY_REQUESTS""},""path"":""/api/v1/stations"",""timestamp"":""2026-08-11T09:06:35.269Z""}"
2026-08-11T16:06:35.269773,TDC,Malang 804,429,11.36,False,"{""success"":false,""message"":""ThrottlerException: Too Many Requests"",""error"":{""code"":""TOO_MANY_REQUESTS""},""path"":""/api/v1/stations"",""timestamp"":""2026-08-11T09:06:35.272Z""}"
2026-08-11T16:06:35.270550,SEY,Cimahi 805,429,13.12,False,"{""success"":false,""message"":""ThrottlerException: Too Many Requests"",""error"":{""code"":""TOO_MANY_REQUESTS""},""path"":""/api/v1/stations"",""timestamp"":""2026-08-11T09:06:35.274Z""}"
2026-08-11T16:06:35.271397,BFN,Malang 806,429,12.79,False,"{""success"":false,""message"":""ThrottlerException: Too Many Requests"",""error"":{""code"":""TOO_MANY_REQUESTS""},""path"":""/api/v1/stations"",""timestamp"":""2026-08-11T09:06:35.275Z""}"
2026-08-11T16:06:35.272325,DCG,Jayapura 807,429,14.43,False,"{""success"":false,""message"":""ThrottlerException: Too Many Requests"",""error"":{""code"":""TOO_MANY_REQUESTS""},""path"":""/api/v1/stations"",""timestamp"":""2026-08-11T09:06:35.277Z""}"
2026-08-11T16:06:35.274180,PCT,Kiaracondong 808,429,13.09,False,"{""success"":false,""message"":""ThrottlerException: Too Many Requests"",""error"":{""code"":""TOO_MANY_REQUESTS""},""path"":""/api/v1/stations"",""timestamp"":""2026-08-11T09:06:35.279Z""}"
2026-08-11T16:06:35.277328,PCU,Lempuyangan 809,429,12.28,False,"{""success"":false,""message"":""ThrottlerException: Too Many Requests"",""error"":{""code"":""TOO_MANY_REQUESTS""},""path"":""/api/v1/stations"",""timestamp"":""2026-08-11T09:06:35.281Z""}"
2026-08-11T16:06:35.278138,BFO,Ketapang 810,429,11.86,False,"{""success"":false,""message"":""ThrottlerException: Too Many Requests"",""error"":{""code"":""TOO_MANY_REQUESTS""},""path"":""/api/v1/stations"",""timestamp"":""2026-08-11T09:06:35.283Z""}"
2026-08-11T16:06:35.278877,SEZ,Banyuwangi 811,429,13.94,False,"{""success"":false,""message"":""ThrottlerException: Too Many Requests"",""error"":{""code"":""TOO_MANY_REQUESTS""},""path"":""/api/v1/stations"",""timestamp"":""2026-08-11T09:06:35.284Z""}"
2026-08-11T16:06:35.279738,MEW,Lempuyangan 812,429,13.72,False,"{""success"":false,""message"":""ThrottlerException: Too Many Requests"",""error"":{""code"":""TOO_MANY_REQUESTS""},""path"":""/api/v1/stations"",""timestamp"":""2026-08-11T09:06:35.286Z""}"
2026-08-11T16:06:35.281834,TDD,Surabaya Pasar Turi 813,429,13.99,False,"{""success"":false,""message"":""ThrottlerException: Too Many Requests"",""error"":{""code"":""TOO_MANY_REQUESTS""},""path"":""/api/v1/stations"",""timestamp"":""2026-08-11T09:06:35.287Z""}"
2026-08-11T16:06:35.282637,TDE,Bekasi 814,429,14.32,False,"{""success"":false,""message"":""ThrottlerException: Too Many Requests"",""error"":{""code"":""TOO_MANY_REQUESTS""},""path"":""/api/v1/stations"",""timestamp"":""2026-08-11T09:06:35.289Z""}"
2026-08-11T16:06:35.284936,SFA,Banyuwangi 815,429,14.43,False,"{""success"":false,""message"":""ThrottlerException: Too Many Requests"",""error"":{""code"":""TOO_MANY_REQUESTS""},""path"":""/api/v1/stations"",""timestamp"":""2026-08-11T09:06:35.291Z""}"
2026-08-11T16:06:35.285752,SFB,Samarinda 816,429,14.7,False,"{""success"":false,""message"":""ThrottlerException: Too Many Requests"",""error"":{""code"":""TOO_MANY_REQUESTS""},""path"":""/api/v1/stations"",""timestamp"":""2026-08-11T09:06:35.293Z""}"
2026-08-11T16:06:35.287974,SFC,Surabaya Gubeng 817,429,15.59,False,"{""success"":false,""message"":""ThrottlerException: Too Many Requests"",""error"":{""code"":""TOO_MANY_REQUESTS""},""path"":""/api/v1/stations"",""timestamp"":""2026-08-11T09:06:35.295Z""}"
2026-08-11T16:06:35.288781,MEX,Ketapang 818,429,16.69,False,"{""success"":false,""message"":""ThrottlerException: Too Many Requests"",""error"":{""code"":""TOO_MANY_REQUESTS""},""path"":""/api/v1/stations"",""timestamp"":""2026-08-11T09:06:35.296Z""}"
2026-08-11T16:06:35.290942,BFP,Surabaya Pasar Turi 819,429,15.05,False,"{""success"":false,""message"":""ThrottlerException: Too Many Requests"",""error"":{""code"":""TOO_MANY_REQUESTS""},""path"":""/api/v1/stations"",""timestamp"":""2026-08-11T09:06:35.298Z""}"
2026-08-11T16:06:35.291800,PCV,Pontianak 820,429,16.93,False,"{""success"":false,""message"":""ThrottlerException: Too Many Requests"",""error"":{""code"":""TOO_MANY_REQUESTS""},""path"":""/api/v1/stations"",""timestamp"":""2026-08-11T09:06:35.300Z""}"
2026-08-11T16:06:35.294185,SFD,Bogor 821,429,15.19,False,"{""success"":false,""message"":""ThrottlerException: Too Many Requests"",""error"":{""code"":""TOO_MANY_REQUESTS""},""path"":""/api/v1/stations"",""timestamp"":""2026-08-11T09:06:35.301Z""}"
2026-08-11T16:06:35.294988,DCH,Manado 822,429,17.21,False,"{""success"":false,""message"":""ThrottlerException: Too Many Requests"",""error"":{""code"":""TOO_MANY_REQUESTS""},""path"":""/api/v1/stations"",""timestamp"":""2026-08-11T09:06:35.303Z""}"
2026-08-11T16:06:35.297768,BFQ,Balikpapan 823,429,18.7,False,"{""success"":false,""message"":""ThrottlerException: Too Many Requests"",""error"":{""code"":""TOO_MANY_REQUESTS""},""path"":""/api/v1/stations"",""timestamp"":""2026-08-11T09:06:35.305Z""}"
2026-08-11T16:06:35.298562,AAT,Ketapang 824,429,20.83,False,"{""success"":false,""message"":""ThrottlerException: Too Many Requests"",""error"":{""code"":""TOO_MANY_REQUESTS""},""path"":""/api/v1/stations"",""timestamp"":""2026-08-11T09:06:35.307Z""}"
2026-08-11T16:06:35.301492,BFR,Lempuyangan 825,429,20.45,False,"{""success"":false,""message"":""ThrottlerException: Too Many Requests"",""error"":{""code"":""TOO_MANY_REQUESTS""},""path"":""/api/v1/stations"",""timestamp"":""2026-08-11T09:06:35.309Z""}"
2026-08-11T16:06:35.302369,KCD,Ketapang 826,429,20.13,False,"{""success"":false,""message"":""ThrottlerException: Too Many Requests"",""error"":{""code"":""TOO_MANY_REQUESTS""},""path"":""/api/v1/stations"",""timestamp"":""2026-08-11T09:06:35.311Z""}"
2026-08-11T16:06:35.304538,TDF,Ketapang 827,429,18.43,False,"{""success"":false,""message"":""ThrottlerException: Too Many Requests"",""error"":{""code"":""TOO_MANY_REQUESTS""},""path"":""/api/v1/stations"",""timestamp"":""2026-08-11T09:06:35.313Z""}"
2026-08-11T16:06:35.306798,BFS,Manggarai 828,429,16.62,False,"{""success"":false,""message"":""ThrottlerException: Too Many Requests"",""error"":{""code"":""TOO_MANY_REQUESTS""},""path"":""/api/v1/stations"",""timestamp"":""2026-08-11T09:06:35.315Z""}"
2026-08-11T16:06:35.307612,BFT,Mataram 829,429,20.34,False,"{""success"":false,""message"":""ThrottlerException: Too Many Requests"",""error"":{""code"":""TOO_MANY_REQUESTS""},""path"":""/api/v1/stations"",""timestamp"":""2026-08-11T09:06:35.316Z""}"
2026-08-11T16:06:35.310484,DCI,Gambir 830,429,18.19,False,"{""success"":false,""message"":""ThrottlerException: Too Many Requests"",""error"":{""code"":""TOO_MANY_REQUESTS""},""path"":""/api/v1/stations"",""timestamp"":""2026-08-11T09:06:35.318Z""}"
2026-08-11T16:06:35.311355,TDG,Manado 831,429,19.87,False,"{""success"":false,""message"":""ThrottlerException: Too Many Requests"",""error"":{""code"":""TOO_MANY_REQUESTS""},""path"":""/api/v1/stations"",""timestamp"":""2026-08-11T09:06:35.321Z""}"
2026-08-11T16:06:35.317597,MEY,Gambir 832,429,15.58,False,"{""success"":false,""message"":""ThrottlerException: Too Many Requests"",""error"":{""code"":""TOO_MANY_REQUESTS""},""path"":""/api/v1/stations"",""timestamp"":""2026-08-11T09:06:35.323Z""}"
2026-08-11T16:06:35.318514,SFE,Malang 833,429,15.32,False,"{""success"":false,""message"":""ThrottlerException: Too Many Requests"",""error"":{""code"":""TOO_MANY_REQUESTS""},""path"":""/api/v1/stations"",""timestamp"":""2026-08-11T09:06:35.325Z""}"
2026-08-11T16:06:35.320606,YAV,Semarang Poncol 834,429,13.77,False,"{""success"":false,""message"":""ThrottlerException: Too Many Requests"",""error"":{""code"":""TOO_MANY_REQUESTS""},""path"":""/api/v1/stations"",""timestamp"":""2026-08-11T09:06:35.327Z""}"
2026-08-11T16:06:35.324095,BFU,Samarinda 835,429,13.27,False,"{""success"":false,""message"":""ThrottlerException: Too Many Requests"",""error"":{""code"":""TOO_MANY_REQUESTS""},""path"":""/api/v1/stations"",""timestamp"":""2026-08-11T09:06:35.329Z""}"
2026-08-11T16:06:35.325081,TDH,Bekasi 836,429,14.07,False,"{""success"":false,""message"":""ThrottlerException: Too Many Requests"",""error"":{""code"":""TOO_MANY_REQUESTS""},""path"":""/api/v1/stations"",""timestamp"":""2026-08-11T09:06:35.331Z""}"
2026-08-11T16:06:35.326155,MEZ,Kiaracondong 837,429,13.66,False,"{""success"":false,""message"":""ThrottlerException: Too Many Requests"",""error"":{""code"":""TOO_MANY_REQUESTS""},""path"":""/api/v1/stations"",""timestamp"":""2026-08-11T09:06:35.333Z""}"
2026-08-11T16:06:35.327066,DCJ,Cimahi 838,429,16.12,False,"{""success"":false,""message"":""ThrottlerException: Too Many Requests"",""error"":{""code"":""TOO_MANY_REQUESTS""},""path"":""/api/v1/stations"",""timestamp"":""2026-08-11T09:06:35.334Z""}"
2026-08-11T16:06:35.329467,KCE,Malang 839,429,14.29,False,"{""success"":false,""message"":""ThrottlerException: Too Many Requests"",""error"":{""code"":""TOO_MANY_REQUESTS""},""path"":""/api/v1/stations"",""timestamp"":""2026-08-11T09:06:35.336Z""}"
2026-08-11T16:06:35.330301,BFV,Cirebon 840,429,16.13,False,"{""success"":false,""message"":""ThrottlerException: Too Many Requests"",""error"":{""code"":""TOO_MANY_REQUESTS""},""path"":""/api/v1/stations"",""timestamp"":""2026-08-11T09:06:35.338Z""}"
2026-08-11T16:06:35.332251,JBM,Solo Balapan 841,429,18.1,False,"{""success"":false,""message"":""ThrottlerException: Too Many Requests"",""error"":{""code"":""TOO_MANY_REQUESTS""},""path"":""/api/v1/stations"",""timestamp"":""2026-08-11T09:06:35.339Z""}"
2026-08-11T16:06:35.335062,SFF,Bekasi 842,429,15.95,False,"{""success"":false,""message"":""ThrottlerException: Too Many Requests"",""error"":{""code"":""TOO_MANY_REQUESTS""},""path"":""/api/v1/stations"",""timestamp"":""2026-08-11T09:06:35.341Z""}"
2026-08-11T16:06:35.335911,SFG,Semarang Poncol 843,429,18.02,False,"{""success"":false,""message"":""ThrottlerException: Too Many Requests"",""error"":{""code"":""TOO_MANY_REQUESTS""},""path"":""/api/v1/stations"",""timestamp"":""2026-08-11T09:06:35.343Z""}"
2026-08-11T16:06:35.336636,KCF,Cirebon 844,429,17.87,False,"{""success"":false,""message"":""ThrottlerException: Too Many Requests"",""error"":{""code"":""TOO_MANY_REQUESTS""},""path"":""/api/v1/stations"",""timestamp"":""2026-08-11T09:06:35.345Z""}"
2026-08-11T16:06:35.338184,KCG,Jayapura 845,429,16.7,False,"{""success"":false,""message"":""ThrottlerException: Too Many Requests"",""error"":{""code"":""TOO_MANY_REQUESTS""},""path"":""/api/v1/stations"",""timestamp"":""2026-08-11T09:06:35.347Z""}"
2026-08-11T16:06:35.340674,CAL,Semarang Tawang 846,429,17.16,False,"{""success"":false,""message"":""ThrottlerException: Too Many Requests"",""error"":{""code"":""TOO_MANY_REQUESTS""},""path"":""/api/v1/stations"",""timestamp"":""2026-08-11T09:06:35.348Z""}"
2026-08-11T16:06:35.342011,PCW,Manado 847,429,19.52,False,"{""success"":false,""message"":""ThrottlerException: Too Many Requests"",""error"":{""code"":""TOO_MANY_REQUESTS""},""path"":""/api/v1/stations"",""timestamp"":""2026-08-11T09:06:35.350Z""}"
2026-08-11T16:06:35.344667,BFW,Cirebon 848,429,19.68,False,"{""success"":false,""message"":""ThrottlerException: Too Many Requests"",""error"":{""code"":""TOO_MANY_REQUESTS""},""path"":""/api/v1/stations"",""timestamp"":""2026-08-11T09:06:35.351Z""}"
2026-08-11T16:06:35.345497,BFX,Cirebon 849,429,19.37,False,"{""success"":false,""message"":""ThrottlerException: Too Many Requests"",""error"":{""code"":""TOO_MANY_REQUESTS""},""path"":""/api/v1/stations"",""timestamp"":""2026-08-11T09:06:35.353Z""}"
2026-08-11T16:06:35.349365,KCH,Pasar Senen 850,429,18.2,False,"{""success"":false,""message"":""ThrottlerException: Too Many Requests"",""error"":{""code"":""TOO_MANY_REQUESTS""},""path"":""/api/v1/stations"",""timestamp"":""2026-08-11T09:06:35.354Z""}"
2026-08-11T16:06:35.352254,PCX,Semarang Tawang 851,429,15.8,False,"{""success"":false,""message"":""ThrottlerException: Too Many Requests"",""error"":{""code"":""TOO_MANY_REQUESTS""},""path"":""/api/v1/stations"",""timestamp"":""2026-08-11T09:06:35.356Z""}"
2026-08-11T16:06:35.353082,MFA,Bandung 852,429,15.57,False,"{""success"":false,""message"":""ThrottlerException: Too Many Requests"",""error"":{""code"":""TOO_MANY_REQUESTS""},""path"":""/api/v1/stations"",""timestamp"":""2026-08-11T09:06:35.358Z""}"
2026-08-11T16:06:35.355535,SFH,Yogyakarta 853,429,13.45,False,"{""success"":false,""message"":""ThrottlerException: Too Many Requests"",""error"":{""code"":""TOO_MANY_REQUESTS""},""path"":""/api/v1/stations"",""timestamp"":""2026-08-11T09:06:35.360Z""}"
2026-08-11T16:06:35.356310,MFB,Jember 854,429,16.07,False,"{""success"":false,""message"":""ThrottlerException: Too Many Requests"",""error"":{""code"":""TOO_MANY_REQUESTS""},""path"":""/api/v1/stations"",""timestamp"":""2026-08-11T09:06:35.362Z""}"
2026-08-11T16:06:35.357042,AAU,Cimahi 855,429,16.75,False,"{""success"":false,""message"":""ThrottlerException: Too Many Requests"",""error"":{""code"":""TOO_MANY_REQUESTS""},""path"":""/api/v1/stations"",""timestamp"":""2026-08-11T09:06:35.364Z""}"
2026-08-11T16:06:35.362210,TDI,Ketapang 856,429,14.25,False,"{""success"":false,""message"":""ThrottlerException: Too Many Requests"",""error"":{""code"":""TOO_MANY_REQUESTS""},""path"":""/api/v1/stations"",""timestamp"":""2026-08-11T09:06:35.365Z""}"
2026-08-11T16:06:35.363258,BFY,Denpasar 857,429,13.84,False,"{""success"":false,""message"":""ThrottlerException: Too Many Requests"",""error"":{""code"":""TOO_MANY_REQUESTS""},""path"":""/api/v1/stations"",""timestamp"":""2026-08-11T09:06:35.367Z""}"
2026-08-11T16:06:35.365887,AAV,Jayapura 858,429,13.7,False,"{""success"":false,""message"":""ThrottlerException: Too Many Requests"",""error"":{""code"":""TOO_MANY_REQUESTS""},""path"":""/api/v1/stations"",""timestamp"":""2026-08-11T09:06:35.368Z""}"
2026-08-11T16:06:35.366716,KCI,Madiun 859,429,13.28,False,"{""success"":false,""message"":""ThrottlerException: Too Many Requests"",""error"":{""code"":""TOO_MANY_REQUESTS""},""path"":""/api/v1/stations"",""timestamp"":""2026-08-11T09:06:35.370Z""}"
2026-08-11T16:06:35.369611,PCY,Madiun 860,429,10.86,False,"{""success"":false,""message"":""ThrottlerException: Too Many Requests"",""error"":{""code"":""TOO_MANY_REQUESTS""},""path"":""/api/v1/stations"",""timestamp"":""2026-08-11T09:06:35.372Z""}"
2026-08-11T16:06:35.370419,MFC,Bekasi 861,429,13.2,False,"{""success"":false,""message"":""ThrottlerException: Too Many Requests"",""error"":{""code"":""TOO_MANY_REQUESTS""},""path"":""/api/v1/stations"",""timestamp"":""2026-08-11T09:06:35.374Z""}"
2026-08-11T16:06:35.371127,PCZ,Surabaya Gubeng 862,429,12.94,False,"{""success"":false,""message"":""ThrottlerException: Too Many Requests"",""error"":{""code"":""TOO_MANY_REQUESTS""},""path"":""/api/v1/stations"",""timestamp"":""2026-08-11T09:06:35.376Z""}"
2026-08-11T16:06:35.371719,BFZ,Bogor 863,429,14.9,False,"{""success"":false,""message"":""ThrottlerException: Too Many Requests"",""error"":{""code"":""TOO_MANY_REQUESTS""},""path"":""/api/v1/stations"",""timestamp"":""2026-08-11T09:06:35.377Z""}"
2026-08-11T16:06:35.374721,SFI,Ketapang 864,429,12.51,False,"{""success"":false,""message"":""ThrottlerException: Too Many Requests"",""error"":{""code"":""TOO_MANY_REQUESTS""},""path"":""/api/v1/stations"",""timestamp"":""2026-08-11T09:06:35.379Z""}"
2026-08-11T16:06:35.375576,BGA,Denpasar 865,429,14.06,False,"{""success"":false,""message"":""ThrottlerException: Too Many Requests"",""error"":{""code"":""TOO_MANY_REQUESTS""},""path"":""/api/v1/stations"",""timestamp"":""2026-08-11T09:06:35.381Z""}"
2026-08-11T16:06:35.377915,MFD,Surabaya Pasar Turi 866,429,12.44,False,"{""success"":false,""message"":""ThrottlerException: Too Many Requests"",""error"":{""code"":""TOO_MANY_REQUESTS""},""path"":""/api/v1/stations"",""timestamp"":""2026-08-11T09:06:35.383Z""}"
2026-08-11T16:06:35.378709,AAW,Semarang Poncol 867,429,14.93,False,"{""success"":false,""message"":""ThrottlerException: Too Many Requests"",""error"":{""code"":""TOO_MANY_REQUESTS""},""path"":""/api/v1/stations"",""timestamp"":""2026-08-11T09:06:35.385Z""}"
2026-08-11T16:06:35.381197,KCJ,Yogyakarta 868,429,16.51,False,"{""success"":false,""message"":""ThrottlerException: Too Many Requests"",""error"":{""code"":""TOO_MANY_REQUESTS""},""path"":""/api/v1/stations"",""timestamp"":""2026-08-11T09:06:35.386Z""}"
2026-08-11T16:06:35.382006,TDJ,Pasar Senen 869,429,16.28,False,"{""success"":false,""message"":""ThrottlerException: Too Many Requests"",""error"":{""code"":""TOO_MANY_REQUESTS""},""path"":""/api/v1/stations"",""timestamp"":""2026-08-11T09:06:35.388Z""}"
2026-08-11T16:06:35.382770,SFJ,Kiaracondong 870,429,18.13,False,"{""success"":false,""message"":""ThrottlerException: Too Many Requests"",""error"":{""code"":""TOO_MANY_REQUESTS""},""path"":""/api/v1/stations"",""timestamp"":""2026-08-11T09:06:35.390Z""}"
2026-08-11T16:06:35.384953,BGB,Ketapang 871,429,16.68,False,"{""success"":false,""message"":""ThrottlerException: Too Many Requests"",""error"":{""code"":""TOO_MANY_REQUESTS""},""path"":""/api/v1/stations"",""timestamp"":""2026-08-11T09:06:35.392Z""}"
2026-08-11T16:06:35.385803,PDA,Manggarai 872,429,16.32,False,"{""success"":false,""message"":""ThrottlerException: Too Many Requests"",""error"":{""code"":""TOO_MANY_REQUESTS""},""path"":""/api/v1/stations"",""timestamp"":""2026-08-11T09:06:35.394Z""}"
2026-08-11T16:06:35.387987,BGC,Semarang Tawang 873,429,17.67,False,"{""success"":false,""message"":""ThrottlerException: Too Many Requests"",""error"":{""code"":""TOO_MANY_REQUESTS""},""path"":""/api/v1/stations"",""timestamp"":""2026-08-11T09:06:35.396Z""}"
2026-08-11T16:06:35.388809,MFE,Jayapura 874,429,20.39,False,"{""success"":false,""message"":""ThrottlerException: Too Many Requests"",""error"":{""code"":""TOO_MANY_REQUESTS""},""path"":""/api/v1/stations"",""timestamp"":""2026-08-11T09:06:35.398Z""}"
2026-08-11T16:06:35.390978,KCK,Gambir 875,429,18.77,False,"{""success"":false,""message"":""ThrottlerException: Too Many Requests"",""error"":{""code"":""TOO_MANY_REQUESTS""},""path"":""/api/v1/stations"",""timestamp"":""2026-08-11T09:06:35.400Z""}"
2026-08-11T16:06:35.392432,BGD,Surabaya Pasar Turi 876,429,17.85,False,"{""success"":false,""message"":""ThrottlerException: Too Many Requests"",""error"":{""code"":""TOO_MANY_REQUESTS""},""path"":""/api/v1/stations"",""timestamp"":""2026-08-11T09:06:35.401Z""}"
2026-08-11T16:06:35.396746,KCL,Cimahi 877,429,16.47,False,"{""success"":false,""message"":""ThrottlerException: Too Many Requests"",""error"":{""code"":""TOO_MANY_REQUESTS""},""path"":""/api/v1/stations"",""timestamp"":""2026-08-11T09:06:35.403Z""}"
2026-08-11T16:06:35.399143,MFF,Pasar Senen 878,429,14.67,False,"{""success"":false,""message"":""ThrottlerException: Too Many Requests"",""error"":{""code"":""TOO_MANY_REQUESTS""},""path"":""/api/v1/stations"",""timestamp"":""2026-08-11T09:06:35.405Z""}"
2026-08-11T16:06:35.400017,BGE,Jatinegara 879,429,16.31,False,"{""success"":false,""message"":""ThrottlerException: Too Many Requests"",""error"":{""code"":""TOO_MANY_REQUESTS""},""path"":""/api/v1/stations"",""timestamp"":""2026-08-11T09:06:35.407Z""}"
2026-08-11T16:06:35.403034,TDK,Bekasi 880,429,13.98,False,"{""success"":false,""message"":""ThrottlerException: Too Many Requests"",""error"":{""code"":""TOO_MANY_REQUESTS""},""path"":""/api/v1/stations"",""timestamp"":""2026-08-11T09:06:35.409Z""}"
2026-08-11T16:06:35.403815,TDL,Jatinegara 881,429,15.85,False,"{""success"":false,""message"":""ThrottlerException: Too Many Requests"",""error"":{""code"":""TOO_MANY_REQUESTS""},""path"":""/api/v1/stations"",""timestamp"":""2026-08-11T09:06:35.411Z""}"
2026-08-11T16:06:35.404708,KCM,Bekasi 882,429,16.81,False,"{""success"":false,""message"":""ThrottlerException: Too Many Requests"",""error"":{""code"":""TOO_MANY_REQUESTS""},""path"":""/api/v1/stations"",""timestamp"":""2026-08-11T09:06:35.414Z""}"
2026-08-11T16:06:35.408065,KCN,Semarang Tawang 883,429,15.81,False,"{""success"":false,""message"":""ThrottlerException: Too Many Requests"",""error"":{""code"":""TOO_MANY_REQUESTS""},""path"":""/api/v1/stations"",""timestamp"":""2026-08-11T09:06:35.416Z""}"
2026-08-11T16:06:35.410886,MFG,Semarang Poncol 884,429,13.61,False,"{""success"":false,""message"":""ThrottlerException: Too Many Requests"",""error"":{""code"":""TOO_MANY_REQUESTS""},""path"":""/api/v1/stations"",""timestamp"":""2026-08-11T09:06:35.419Z""}"
2026-08-11T16:06:35.411693,TDM,Makassar 885,429,16.42,False,"{""success"":false,""message"":""ThrottlerException: Too Many Requests"",""error"":{""code"":""TOO_MANY_REQUESTS""},""path"":""/api/v1/stations"",""timestamp"":""2026-08-11T09:06:35.421Z""}"
2026-08-11T16:06:35.412421,MFH,Cirebon 886,429,16.55,False,"{""success"":false,""message"":""ThrottlerException: Too Many Requests"",""error"":{""code"":""TOO_MANY_REQUESTS""},""path"":""/api/v1/stations"",""timestamp"":""2026-08-11T09:06:35.423Z""}"
2026-08-11T16:06:35.414672,BGF,Jayapura 887,429,16.82,False,"{""success"":false,""message"":""ThrottlerException: Too Many Requests"",""error"":{""code"":""TOO_MANY_REQUESTS""},""path"":""/api/v1/stations"",""timestamp"":""2026-08-11T09:06:35.425Z""}"
2026-08-11T16:06:35.415469,PDB,Surabaya Pasar Turi 888,429,17.81,False,"{""success"":false,""message"":""ThrottlerException: Too Many Requests"",""error"":{""code"":""TOO_MANY_REQUESTS""},""path"":""/api/v1/stations"",""timestamp"":""2026-08-11T09:06:35.427Z""}"
2026-08-11T16:06:35.426581,BGG,Bekasi 894,429,9.63,False,"{""success"":false,""message"":""ThrottlerException: Too Many Requests"",""error"":{""code"":""TOO_MANY_REQUESTS""},""path"":""/api/v1/stations"",""timestamp"":""2026-08-11T09:06:35.429Z""}"
2026-08-11T16:06:35.417947,SFK,Banjarmasin 889,429,20.5,False,"{""success"":false,""message"":""ThrottlerException: Too Many Requests"",""error"":{""code"":""TOO_MANY_REQUESTS""},""path"":""/api/v1/stations"",""timestamp"":""2026-08-11T09:06:35.431Z""}"
2026-08-11T16:06:35.418770,CAM,Banyuwangi 890,429,22.19,False,"{""success"":false,""message"":""ThrottlerException: Too Many Requests"",""error"":{""code"":""TOO_MANY_REQUESTS""},""path"":""/api/v1/stations"",""timestamp"":""2026-08-11T09:06:35.433Z""}"
2026-08-11T16:06:35.420527,YAW,Denpasar 891,429,22.79,False,"{""success"":false,""message"":""ThrottlerException: Too Many Requests"",""error"":{""code"":""TOO_MANY_REQUESTS""},""path"":""/api/v1/stations"",""timestamp"":""2026-08-11T09:06:35.436Z""}"
2026-08-11T16:06:35.422796,MFI,Lempuyangan 892,429,22.11,False,"{""success"":false,""message"":""ThrottlerException: Too Many Requests"",""error"":{""code"":""TOO_MANY_REQUESTS""},""path"":""/api/v1/stations"",""timestamp"":""2026-08-11T09:06:35.437Z""}"
2026-08-11T16:06:35.425330,TDN,Ketapang 893,429,20.07,False,"{""success"":false,""message"":""ThrottlerException: Too Many Requests"",""error"":{""code"":""TOO_MANY_REQUESTS""},""path"":""/api/v1/stations"",""timestamp"":""2026-08-11T09:06:35.439Z""}"
2026-08-11T16:06:35.437625,KCO,Mataram 899,429,10.21,False,"{""success"":false,""message"":""ThrottlerException: Too Many Requests"",""error"":{""code"":""TOO_MANY_REQUESTS""},""path"":""/api/v1/stations"",""timestamp"":""2026-08-11T09:06:35.442Z""}"
2026-08-11T16:06:35.429740,MFJ,Cirebon 895,429,20.09,False,"{""success"":false,""message"":""ThrottlerException: Too Many Requests"",""error"":{""code"":""TOO_MANY_REQUESTS""},""path"":""/api/v1/stations"",""timestamp"":""2026-08-11T09:06:35.444Z""}"
2026-08-11T16:06:35.430616,TDO,Makassar 896,429,24.61,False,"{""success"":false,""message"":""ThrottlerException: Too Many Requests"",""error"":{""code"":""TOO_MANY_REQUESTS""},""path"":""/api/v1/stations"",""timestamp"":""2026-08-11T09:06:35.446Z""}"
2026-08-11T16:06:35.432140,MFK,Malang 897,429,24.95,False,"{""success"":false,""message"":""ThrottlerException: Too Many Requests"",""error"":{""code"":""TOO_MANY_REQUESTS""},""path"":""/api/v1/stations"",""timestamp"":""2026-08-11T09:06:35.448Z""}"
2026-08-11T16:06:35.435322,SFL,Jayapura 898,429,22.12,False,"{""success"":false,""message"":""ThrottlerException: Too Many Requests"",""error"":{""code"":""TOO_MANY_REQUESTS""},""path"":""/api/v1/stations"",""timestamp"":""2026-08-11T09:06:35.450Z""}"
2026-08-11T16:06:35.448395,CAO,Jember 905,429,9.58,False,"{""success"":false,""message"":""ThrottlerException: Too Many Requests"",""error"":{""code"":""TOO_MANY_REQUESTS""},""path"":""/api/v1/stations"",""timestamp"":""2026-08-11T09:06:35.452Z""}"
2026-08-11T16:06:35.441596,DCK,Manado 900,429,18.89,False,"{""success"":false,""message"":""ThrottlerException: Too Many Requests"",""error"":{""code"":""TOO_MANY_REQUESTS""},""path"":""/api/v1/stations"",""timestamp"":""2026-08-11T09:06:35.454Z""}"
2026-08-11T16:06:35.442372,BGH,Pasar Senen 901,429,19.45,False,"{""success"":false,""message"":""ThrottlerException: Too Many Requests"",""error"":{""code"":""TOO_MANY_REQUESTS""},""path"":""/api/v1/stations"",""timestamp"":""2026-08-11T09:06:35.456Z""}"
2026-08-11T16:06:35.444057,BGI,Semarang Tawang 902,429,19.33,False,"{""success"":false,""message"":""ThrottlerException: Too Many Requests"",""error"":{""code"":""TOO_MANY_REQUESTS""},""path"":""/api/v1/stations"",""timestamp"":""2026-08-11T09:06:35.459Z""}"
2026-08-11T16:06:35.446256,CAN,Ketapang 903,429,18.79,False,"{""success"":false,""message"":""ThrottlerException: Too Many Requests"",""error"":{""code"":""TOO_MANY_REQUESTS""},""path"":""/api/v1/stations"",""timestamp"":""2026-08-11T09:06:35.461Z""}"
2026-08-11T16:06:35.447009,TDP,Balikpapan 904,429,20.65,False,"{""success"":false,""message"":""ThrottlerException: Too Many Requests"",""error"":{""code"":""TOO_MANY_REQUESTS""},""path"":""/api/v1/stations"",""timestamp"":""2026-08-11T09:06:35.463Z""}"
2026-08-11T16:06:35.459821,SFM,Bogor 910,429,8.27,False,"{""success"":false,""message"":""ThrottlerException: Too Many Requests"",""error"":{""code"":""TOO_MANY_REQUESTS""},""path"":""/api/v1/stations"",""timestamp"":""2026-08-11T09:06:35.465Z""}"
2026-08-11T16:06:35.461019,BGJ,Semarang Tawang 911,429,9.06,False,"{""success"":false,""message"":""ThrottlerException: Too Many Requests"",""error"":{""code"":""TOO_MANY_REQUESTS""},""path"":""/api/v1/stations"",""timestamp"":""2026-08-11T09:06:35.466Z""}"
2026-08-11T16:06:35.462204,SFN,Bogor 912,429,9.34,False,"{""success"":false,""message"":""ThrottlerException: Too Many Requests"",""error"":{""code"":""TOO_MANY_REQUESTS""},""path"":""/api/v1/stations"",""timestamp"":""2026-08-11T09:06:35.468Z""}"
2026-08-11T16:06:35.454252,YAX,Manggarai 906,429,18.83,False,"{""success"":false,""message"":""ThrottlerException: Too Many Requests"",""error"":{""code"":""TOO_MANY_REQUESTS""},""path"":""/api/v1/stations"",""timestamp"":""2026-08-11T09:06:35.469Z""}"
2026-08-11T16:06:35.456228,DCL,Yogyakarta 907,429,18.22,False,"{""success"":false,""message"":""ThrottlerException: Too Many Requests"",""error"":{""code"":""TOO_MANY_REQUESTS""},""path"":""/api/v1/stations"",""timestamp"":""2026-08-11T09:06:35.470Z""}"
2026-08-11T16:06:35.458497,MFL,Manggarai 908,429,16.42,False,"{""success"":false,""message"":""ThrottlerException: Too Many Requests"",""error"":{""code"":""TOO_MANY_REQUESTS""},""path"":""/api/v1/stations"",""timestamp"":""2026-08-11T09:06:35.472Z""}"
2026-08-11T16:06:35.459236,DCM,Manggarai 909,429,18.05,False,"{""success"":false,""message"":""ThrottlerException: Too Many Requests"",""error"":{""code"":""TOO_MANY_REQUESTS""},""path"":""/api/v1/stations"",""timestamp"":""2026-08-11T09:06:35.473Z""}"
2026-08-11T16:06:35.469309,TDQ,Cirebon 916,429,10.29,False,"{""success"":false,""message"":""ThrottlerException: Too Many Requests"",""error"":{""code"":""TOO_MANY_REQUESTS""},""path"":""/api/v1/stations"",""timestamp"":""2026-08-11T09:06:35.475Z""}"
2026-08-11T16:06:35.470507,SFO,Gambir 917,429,11.61,False,"{""success"":false,""message"":""ThrottlerException: Too Many Requests"",""error"":{""code"":""TOO_MANY_REQUESTS""},""path"":""/api/v1/stations"",""timestamp"":""2026-08-11T09:06:35.476Z""}"
2026-08-11T16:06:35.472065,TDR,Bekasi 918,429,12.19,False,"{""success"":false,""message"":""ThrottlerException: Too Many Requests"",""error"":{""code"":""TOO_MANY_REQUESTS""},""path"":""/api/v1/stations"",""timestamp"":""2026-08-11T09:06:35.478Z""}"
2026-08-11T16:06:35.464194,BGK,Cirebon 913,429,23.9,False,"{""success"":false,""message"":""ThrottlerException: Too Many Requests"",""error"":{""code"":""TOO_MANY_REQUESTS""},""path"":""/api/v1/stations"",""timestamp"":""2026-08-11T09:06:35.479Z""}"
2026-08-11T16:06:35.466252,BGL,Ketapang 914,429,22.68,False,"{""success"":false,""message"":""ThrottlerException: Too Many Requests"",""error"":{""code"":""TOO_MANY_REQUESTS""},""path"":""/api/v1/stations"",""timestamp"":""2026-08-11T09:06:35.482Z""}"
2026-08-11T16:06:35.468567,KCP,Manggarai 915,429,22.64,False,"{""success"":false,""message"":""ThrottlerException: Too Many Requests"",""error"":{""code"":""TOO_MANY_REQUESTS""},""path"":""/api/v1/stations"",""timestamp"":""2026-08-11T09:06:35.484Z""}"
2026-08-11T16:06:35.480619,SFP,Gambir 923,429,11.16,False,"{""success"":false,""message"":""ThrottlerException: Too Many Requests"",""error"":{""code"":""TOO_MANY_REQUESTS""},""path"":""/api/v1/stations"",""timestamp"":""2026-08-11T09:06:35.485Z""}"
2026-08-11T16:06:35.483314,BGM,Cirebon 924,429,12.39,False,"{""success"":false,""message"":""ThrottlerException: Too Many Requests"",""error"":{""code"":""TOO_MANY_REQUESTS""},""path"":""/api/v1/stations"",""timestamp"":""2026-08-11T09:06:35.487Z""}"
2026-08-11T16:06:35.473428,MFM,Semarang Tawang 919,429,28.7,False,"{""success"":false,""message"":""ThrottlerException: Too Many Requests"",""error"":{""code"":""TOO_MANY_REQUESTS""},""path"":""/api/v1/stations"",""timestamp"":""2026-08-11T09:06:35.489Z""}"
2026-08-11T16:06:35.475384,MFN,Cimahi 920,429,27.47,False,"{""success"":false,""message"":""ThrottlerException: Too Many Requests"",""error"":{""code"":""TOO_MANY_REQUESTS""},""path"":""/api/v1/stations"",""timestamp"":""2026-08-11T09:06:35.490Z""}"
2026-08-11T16:06:35.476188,TDS,Makassar 921,429,29.51,False,"{""success"":false,""message"":""ThrottlerException: Too Many Requests"",""error"":{""code"":""TOO_MANY_REQUESTS""},""path"":""/api/v1/stations"",""timestamp"":""2026-08-11T09:06:35.492Z""}"
2026-08-11T16:06:35.478742,MFO,Banjarmasin 922,429,27.37,False,"{""success"":false,""message"":""ThrottlerException: Too Many Requests"",""error"":{""code"":""TOO_MANY_REQUESTS""},""path"":""/api/v1/stations"",""timestamp"":""2026-08-11T09:06:35.494Z""}"
2026-08-11T16:06:35.494013,MFP,Cimahi 929,429,12.81,False,"{""success"":false,""message"":""ThrottlerException: Too Many Requests"",""error"":{""code"":""TOO_MANY_REQUESTS""},""path"":""/api/v1/stations"",""timestamp"":""2026-08-11T09:06:35.498Z""}"
2026-08-11T16:06:35.487208,JBN,Surabaya Pasar Turi 925,429,22.79,False,"{""success"":false,""message"":""ThrottlerException: Too Many Requests"",""error"":{""code"":""TOO_MANY_REQUESTS""},""path"":""/api/v1/stations"",""timestamp"":""2026-08-11T09:06:35.499Z""}"
2026-08-11T16:06:35.489720,BGN,Bogor 926,429,24.17,False,"{""success"":false,""message"":""ThrottlerException: Too Many Requests"",""error"":{""code"":""TOO_MANY_REQUESTS""},""path"":""/api/v1/stations"",""timestamp"":""2026-08-11T09:06:35.506Z""}"
2026-08-11T16:06:35.490447,BGO,Jatinegara 927,429,23.99,False,"{""success"":false,""message"":""ThrottlerException: Too Many Requests"",""error"":{""code"":""TOO_MANY_REQUESTS""},""path"":""/api/v1/stations"",""timestamp"":""2026-08-11T09:06:35.508Z""}"
2026-08-11T16:06:35.492537,JBO,Jember 928,429,24.46,False,"{""success"":false,""message"":""ThrottlerException: Too Many Requests"",""error"":{""code"":""TOO_MANY_REQUESTS""},""path"":""/api/v1/stations"",""timestamp"":""2026-08-11T09:06:35.510Z""}"
2026-08-11T16:06:35.509038,SFR,Madiun 935,429,9.41,False,"{""success"":false,""message"":""ThrottlerException: Too Many Requests"",""error"":{""code"":""TOO_MANY_REQUESTS""},""path"":""/api/v1/stations"",""timestamp"":""2026-08-11T09:06:35.512Z""}"
2026-08-11T16:06:35.500594,MFQ,Malang 930,429,19.3,False,"{""success"":false,""message"":""ThrottlerException: Too Many Requests"",""error"":{""code"":""TOO_MANY_REQUESTS""},""path"":""/api/v1/stations"",""timestamp"":""2026-08-11T09:06:35.514Z""}"
2026-08-11T16:06:35.503695,SFQ,Mataram 931,429,16.73,False,"{""success"":false,""message"":""ThrottlerException: Too Many Requests"",""error"":{""code"":""TOO_MANY_REQUESTS""},""path"":""/api/v1/stations"",""timestamp"":""2026-08-11T09:06:35.515Z""}"
2026-08-11T16:06:35.504526,BGP,Banjarmasin 932,429,18.78,False,"{""success"":false,""message"":""ThrottlerException: Too Many Requests"",""error"":{""code"":""TOO_MANY_REQUESTS""},""path"":""/api/v1/stations"",""timestamp"":""2026-08-11T09:06:35.517Z""}"
2026-08-11T16:06:35.507414,PDC,Solo Balapan 933,429,17.28,False,"{""success"":false,""message"":""ThrottlerException: Too Many Requests"",""error"":{""code"":""TOO_MANY_REQUESTS""},""path"":""/api/v1/stations"",""timestamp"":""2026-08-11T09:06:35.519Z""}"
2026-08-11T16:06:35.508227,BGQ,Manggarai 934,429,17.12,False,"{""success"":false,""message"":""ThrottlerException: Too Many Requests"",""error"":{""code"":""TOO_MANY_REQUESTS""},""path"":""/api/v1/stations"",""timestamp"":""2026-08-11T09:06:35.521Z""}"
2026-08-11T16:06:35.519115,JBP,Pasar Senen 940,429,10.06,False,"{""success"":false,""message"":""ThrottlerException: Too Many Requests"",""error"":{""code"":""TOO_MANY_REQUESTS""},""path"":""/api/v1/stations"",""timestamp"":""2026-08-11T09:06:35.523Z""}"
2026-08-11T16:06:35.510403,KCQ,Surabaya Pasar Turi 936,429,20.33,False,"{""success"":false,""message"":""ThrottlerException: Too Many Requests"",""error"":{""code"":""TOO_MANY_REQUESTS""},""path"":""/api/v1/stations"",""timestamp"":""2026-08-11T09:06:35.524Z""}"
2026-08-11T16:06:35.515303,KCR,Lempuyangan 937,429,17.54,False,"{""success"":false,""message"":""ThrottlerException: Too Many Requests"",""error"":{""code"":""TOO_MANY_REQUESTS""},""path"":""/api/v1/stations"",""timestamp"":""2026-08-11T09:06:35.526Z""}"
2026-08-11T16:06:35.516182,CAP,Lempuyangan 938,429,19.24,False,"{""success"":false,""message"":""ThrottlerException: Too Many Requests"",""error"":{""code"":""TOO_MANY_REQUESTS""},""path"":""/api/v1/stations"",""timestamp"":""2026-08-11T09:06:35.527Z""}"
2026-08-11T16:06:35.517599,BGS,Surabaya Pasar Turi 939,429,18.36,False,"{""success"":false,""message"":""ThrottlerException: Too Many Requests"",""error"":{""code"":""TOO_MANY_REQUESTS""},""path"":""/api/v1/stations"",""timestamp"":""2026-08-11T09:06:35.529Z""}"
2026-08-11T16:06:35.521035,MFR,Yogyakarta 941,429,17.16,False,"{""success"":false,""message"":""ThrottlerException: Too Many Requests"",""error"":{""code"":""TOO_MANY_REQUESTS""},""path"":""/api/v1/stations"",""timestamp"":""2026-08-11T09:06:35.530Z""}"
2026-08-11T16:06:35.522116,BGT,Makassar 942,429,16.67,False,"{""success"":false,""message"":""ThrottlerException: Too Many Requests"",""error"":{""code"":""TOO_MANY_REQUESTS""},""path"":""/api/v1/stations"",""timestamp"":""2026-08-11T09:06:35.532Z""}"
2026-08-11T16:06:35.523900,JBQ,Manggarai 943,429,18.05,False,"{""success"":false,""message"":""ThrottlerException: Too Many Requests"",""error"":{""code"":""TOO_MANY_REQUESTS""},""path"":""/api/v1/stations"",""timestamp"":""2026-08-11T09:06:35.533Z""}"
2026-08-11T16:06:35.525845,DCN,Cimahi 944,429,20.5,False,"{""success"":false,""message"":""ThrottlerException: Too Many Requests"",""error"":{""code"":""TOO_MANY_REQUESTS""},""path"":""/api/v1/stations"",""timestamp"":""2026-08-11T09:06:35.534Z""}"
2026-08-11T16:06:35.527295,SFS,Makassar 945,429,22.82,False,"{""success"":false,""message"":""ThrottlerException: Too Many Requests"",""error"":{""code"":""TOO_MANY_REQUESTS""},""path"":""/api/v1/stations"",""timestamp"":""2026-08-11T09:06:35.536Z""}"
2026-08-11T16:06:35.531253,PDD,Yogyakarta 946,429,19.33,False,"{""success"":false,""message"":""ThrottlerException: Too Many Requests"",""error"":{""code"":""TOO_MANY_REQUESTS""},""path"":""/api/v1/stations"",""timestamp"":""2026-08-11T09:06:35.537Z""}"
2026-08-11T16:06:35.532030,SFT,Bekasi 947,429,19.36,False,"{""success"":false,""message"":""ThrottlerException: Too Many Requests"",""error"":{""code"":""TOO_MANY_REQUESTS""},""path"":""/api/v1/stations"",""timestamp"":""2026-08-11T09:06:35.538Z""}"
2026-08-11T16:06:35.534627,DCO,Balikpapan 948,429,19.95,False,"{""success"":false,""message"":""ThrottlerException: Too Many Requests"",""error"":{""code"":""TOO_MANY_REQUESTS""},""path"":""/api/v1/stations"",""timestamp"":""2026-08-11T09:06:35.540Z""}"
2026-08-11T16:06:35.536731,PDE,Manggarai 949,429,18.3,False,"{""success"":false,""message"":""ThrottlerException: Too Many Requests"",""error"":{""code"":""TOO_MANY_REQUESTS""},""path"":""/api/v1/stations"",""timestamp"":""2026-08-11T09:06:35.541Z""}"
2026-08-11T16:06:35.537452,SFU,Jayapura 950,429,18.15,False,"{""success"":false,""message"":""ThrottlerException: Too Many Requests"",""error"":{""code"":""TOO_MANY_REQUESTS""},""path"":""/api/v1/stations"",""timestamp"":""2026-08-11T09:06:35.543Z""}"
2026-08-11T16:06:35.539810,KCS,Jatinegara 951,429,16.24,False,"{""success"":false,""message"":""ThrottlerException: Too Many Requests"",""error"":{""code"":""TOO_MANY_REQUESTS""},""path"":""/api/v1/stations"",""timestamp"":""2026-08-11T09:06:35.545Z""}"
2026-08-11T16:06:35.541060,MFS,Pasar Senen 952,429,15.46,False,"{""success"":false,""message"":""ThrottlerException: Too Many Requests"",""error"":{""code"":""TOO_MANY_REQUESTS""},""path"":""/api/v1/stations"",""timestamp"":""2026-08-11T09:06:35.546Z""}"
2026-08-11T16:06:35.547884,KCT,Madiun 953,429,12.88,False,"{""success"":false,""message"":""ThrottlerException: Too Many Requests"",""error"":{""code"":""TOO_MANY_REQUESTS""},""path"":""/api/v1/stations"",""timestamp"":""2026-08-11T09:06:35.550Z""}"
2026-08-11T16:06:35.549070,PDF,Gambir 954,429,13.82,False,"{""success"":false,""message"":""ThrottlerException: Too Many Requests"",""error"":{""code"":""TOO_MANY_REQUESTS""},""path"":""/api/v1/stations"",""timestamp"":""2026-08-11T09:06:35.552Z""}"
2026-08-11T16:06:35.552369,TDT,Manggarai 955,429,11.07,False,"{""success"":false,""message"":""ThrottlerException: Too Many Requests"",""error"":{""code"":""TOO_MANY_REQUESTS""},""path"":""/api/v1/stations"",""timestamp"":""2026-08-11T09:06:35.554Z""}"
2026-08-11T16:06:35.553175,BGU,Yogyakarta 956,429,10.85,False,"{""success"":false,""message"":""ThrottlerException: Too Many Requests"",""error"":{""code"":""TOO_MANY_REQUESTS""},""path"":""/api/v1/stations"",""timestamp"":""2026-08-11T09:06:35.555Z""}"
2026-08-11T16:06:35.553856,SFV,Manado 957,429,12.88,False,"{""success"":false,""message"":""ThrottlerException: Too Many Requests"",""error"":{""code"":""TOO_MANY_REQUESTS""},""path"":""/api/v1/stations"",""timestamp"":""2026-08-11T09:06:35.557Z""}"
2026-08-11T16:06:35.557196,KCU,Bogor 958,429,10.01,False,"{""success"":false,""message"":""ThrottlerException: Too Many Requests"",""error"":{""code"":""TOO_MANY_REQUESTS""},""path"":""/api/v1/stations"",""timestamp"":""2026-08-11T09:06:35.559Z""}"
2026-08-11T16:06:35.558054,TDU,Lempuyangan 959,429,11.35,False,"{""success"":false,""message"":""ThrottlerException: Too Many Requests"",""error"":{""code"":""TOO_MANY_REQUESTS""},""path"":""/api/v1/stations"",""timestamp"":""2026-08-11T09:06:35.561Z""}"
2026-08-11T16:06:35.558681,MFT,Ketapang 960,429,11.07,False,"{""success"":false,""message"":""ThrottlerException: Too Many Requests"",""error"":{""code"":""TOO_MANY_REQUESTS""},""path"":""/api/v1/stations"",""timestamp"":""2026-08-11T09:06:35.562Z""}"
2026-08-11T16:06:35.559248,SFW,Semarang Tawang 961,429,12.36,False,"{""success"":false,""message"":""ThrottlerException: Too Many Requests"",""error"":{""code"":""TOO_MANY_REQUESTS""},""path"":""/api/v1/stations"",""timestamp"":""2026-08-11T09:06:35.564Z""}"
2026-08-11T16:06:35.559925,SFX,Gambir 962,429,12.07,False,"{""success"":false,""message"":""ThrottlerException: Too Many Requests"",""error"":{""code"":""TOO_MANY_REQUESTS""},""path"":""/api/v1/stations"",""timestamp"":""2026-08-11T09:06:35.565Z""}"
2026-08-11T16:06:35.561974,MFU,Bogor 963,429,12.52,False,"{""success"":false,""message"":""ThrottlerException: Too Many Requests"",""error"":{""code"":""TOO_MANY_REQUESTS""},""path"":""/api/v1/stations"",""timestamp"":""2026-08-11T09:06:35.566Z""}"
2026-08-11T16:06:35.564689,TDV,Madiun 964,429,10.99,False,"{""success"":false,""message"":""ThrottlerException: Too Many Requests"",""error"":{""code"":""TOO_MANY_REQUESTS""},""path"":""/api/v1/stations"",""timestamp"":""2026-08-11T09:06:35.568Z""}"
2026-08-11T16:06:35.565428,MFV,Makassar 965,429,14.26,False,"{""success"":false,""message"":""ThrottlerException: Too Many Requests"",""error"":{""code"":""TOO_MANY_REQUESTS""},""path"":""/api/v1/stations"",""timestamp"":""2026-08-11T09:06:35.569Z""}"
2026-08-11T16:06:35.566060,SFY,Bandung 966,429,15.19,False,"{""success"":false,""message"":""ThrottlerException: Too Many Requests"",""error"":{""code"":""TOO_MANY_REQUESTS""},""path"":""/api/v1/stations"",""timestamp"":""2026-08-11T09:06:35.570Z""}"
2026-08-11T16:06:35.567796,YAY,Gambir 967,429,15.89,False,"{""success"":false,""message"":""ThrottlerException: Too Many Requests"",""error"":{""code"":""TOO_MANY_REQUESTS""},""path"":""/api/v1/stations"",""timestamp"":""2026-08-11T09:06:35.572Z""}"
2026-08-11T16:06:35.568531,CAQ,Banyuwangi 968,429,15.61,False,"{""success"":false,""message"":""ThrottlerException: Too Many Requests"",""error"":{""code"":""TOO_MANY_REQUESTS""},""path"":""/api/v1/stations"",""timestamp"":""2026-08-11T09:06:35.573Z""}"
2026-08-11T16:06:35.570291,BGV,Pasar Senen 969,429,14.32,False,"{""success"":false,""message"":""ThrottlerException: Too Many Requests"",""error"":{""code"":""TOO_MANY_REQUESTS""},""path"":""/api/v1/stations"",""timestamp"":""2026-08-11T09:06:35.575Z""}"
2026-08-11T16:06:35.570938,MFW,Balikpapan 970,429,16.78,False,"{""success"":false,""message"":""ThrottlerException: Too Many Requests"",""error"":{""code"":""TOO_MANY_REQUESTS""},""path"":""/api/v1/stations"",""timestamp"":""2026-08-11T09:06:35.577Z""}"
2026-08-11T16:06:35.572499,SFZ,Lempuyangan 971,429,15.84,False,"{""success"":false,""message"":""ThrottlerException: Too Many Requests"",""error"":{""code"":""TOO_MANY_REQUESTS""},""path"":""/api/v1/stations"",""timestamp"":""2026-08-11T09:06:35.579Z""}"
2026-08-11T16:06:35.573368,AAX,Malang 972,429,20.74,False,"{""success"":false,""message"":""ThrottlerException: Too Many Requests"",""error"":{""code"":""TOO_MANY_REQUESTS""},""path"":""/api/v1/stations"",""timestamp"":""2026-08-11T09:06:35.580Z""}"
2026-08-11T16:06:35.577172,AAY,Pontianak 973,429,19.97,False,"{""success"":false,""message"":""ThrottlerException: Too Many Requests"",""error"":{""code"":""TOO_MANY_REQUESTS""},""path"":""/api/v1/stations"",""timestamp"":""2026-08-11T09:06:35.582Z""}"
2026-08-11T16:06:35.578319,TDW,Surabaya Pasar Turi 974,429,20.3,False,"{""success"":false,""message"":""ThrottlerException: Too Many Requests"",""error"":{""code"":""TOO_MANY_REQUESTS""},""path"":""/api/v1/stations"",""timestamp"":""2026-08-11T09:06:35.584Z""}"
2026-08-11T16:06:35.582097,KCV,Makassar 975,429,17.28,False,"{""success"":false,""message"":""ThrottlerException: Too Many Requests"",""error"":{""code"":""TOO_MANY_REQUESTS""},""path"":""/api/v1/stations"",""timestamp"":""2026-08-11T09:06:35.585Z""}"
2026-08-11T16:06:35.582874,TDX,Banyuwangi 976,429,16.89,False,"{""success"":false,""message"":""ThrottlerException: Too Many Requests"",""error"":{""code"":""TOO_MANY_REQUESTS""},""path"":""/api/v1/stations"",""timestamp"":""2026-08-11T09:06:35.587Z""}"
2026-08-11T16:06:35.585408,KCW,Jayapura 977,429,14.66,False,"{""success"":false,""message"":""ThrottlerException: Too Many Requests"",""error"":{""code"":""TOO_MANY_REQUESTS""},""path"":""/api/v1/stations"",""timestamp"":""2026-08-11T09:06:35.588Z""}"
2026-08-11T16:06:35.586266,TDY,Cirebon 978,429,14.02,False,"{""success"":false,""message"":""ThrottlerException: Too Many Requests"",""error"":{""code"":""TOO_MANY_REQUESTS""},""path"":""/api/v1/stations"",""timestamp"":""2026-08-11T09:06:35.590Z""}"
2026-08-11T16:06:35.586970,KCX,Jatinegara 979,429,13.71,False,"{""success"":false,""message"":""ThrottlerException: Too Many Requests"",""error"":{""code"":""TOO_MANY_REQUESTS""},""path"":""/api/v1/stations"",""timestamp"":""2026-08-11T09:06:35.591Z""}"
2026-08-11T16:06:35.594983,SGA,Solo Balapan 980,429,10.37,False,"{""success"":false,""message"":""ThrottlerException: Too Many Requests"",""error"":{""code"":""TOO_MANY_REQUESTS""},""path"":""/api/v1/stations"",""timestamp"":""2026-08-11T09:06:35.597Z""}"
2026-08-11T16:06:35.595793,BGW,Mataram 981,429,10.09,False,"{""success"":false,""message"":""ThrottlerException: Too Many Requests"",""error"":{""code"":""TOO_MANY_REQUESTS""},""path"":""/api/v1/stations"",""timestamp"":""2026-08-11T09:06:35.598Z""}"
2026-08-11T16:06:35.596465,PDG,Balikpapan 982,429,12.07,False,"{""success"":false,""message"":""ThrottlerException: Too Many Requests"",""error"":{""code"":""TOO_MANY_REQUESTS""},""path"":""/api/v1/stations"",""timestamp"":""2026-08-11T09:06:35.600Z""}"
2026-08-11T16:06:35.597894,SGB,Solo Balapan 983,429,11.23,False,"{""success"":false,""message"":""ThrottlerException: Too Many Requests"",""error"":{""code"":""TOO_MANY_REQUESTS""},""path"":""/api/v1/stations"",""timestamp"":""2026-08-11T09:06:35.601Z""}"
2026-08-11T16:06:35.600948,DCP,Semarang Poncol 984,429,8.89,False,"{""success"":false,""message"":""ThrottlerException: Too Many Requests"",""error"":{""code"":""TOO_MANY_REQUESTS""},""path"":""/api/v1/stations"",""timestamp"":""2026-08-11T09:06:35.602Z""}"
2026-08-11T16:06:35.601664,SGC,Semarang Poncol 985,429,11.14,False,"{""success"":false,""message"":""ThrottlerException: Too Many Requests"",""error"":{""code"":""TOO_MANY_REQUESTS""},""path"":""/api/v1/stations"",""timestamp"":""2026-08-11T09:06:35.604Z""}"
2026-08-11T16:06:35.602258,SGD,Banyuwangi 986,429,12.14,False,"{""success"":false,""message"":""ThrottlerException: Too Many Requests"",""error"":{""code"":""TOO_MANY_REQUESTS""},""path"":""/api/v1/stations"",""timestamp"":""2026-08-11T09:06:35.606Z""}"
2026-08-11T16:06:35.602836,TDZ,Bandung 987,429,11.92,False,"{""success"":false,""message"":""ThrottlerException: Too Many Requests"",""error"":{""code"":""TOO_MANY_REQUESTS""},""path"":""/api/v1/stations"",""timestamp"":""2026-08-11T09:06:35.607Z""}"
2026-08-11T16:06:35.603349,MFX,Bogor 988,429,11.97,False,"{""success"":false,""message"":""ThrottlerException: Too Many Requests"",""error"":{""code"":""TOO_MANY_REQUESTS""},""path"":""/api/v1/stations"",""timestamp"":""2026-08-11T09:06:35.609Z""}"
2026-08-11T16:06:35.604185,SGE,Bandung 989,429,14.28,False,"{""success"":false,""message"":""ThrottlerException: Too Many Requests"",""error"":{""code"":""TOO_MANY_REQUESTS""},""path"":""/api/v1/stations"",""timestamp"":""2026-08-11T09:06:35.610Z""}"
2026-08-11T16:06:35.606640,BGX,Semarang Tawang 990,429,12.4,False,"{""success"":false,""message"":""ThrottlerException: Too Many Requests"",""error"":{""code"":""TOO_MANY_REQUESTS""},""path"":""/api/v1/stations"",""timestamp"":""2026-08-11T09:06:35.611Z""}"
2026-08-11T16:06:35.607353,DCQ,Makassar 991,429,15.39,False,"{""success"":false,""message"":""ThrottlerException: Too Many Requests"",""error"":{""code"":""TOO_MANY_REQUESTS""},""path"":""/api/v1/stations"",""timestamp"":""2026-08-11T09:06:35.612Z""}"
2026-08-11T16:06:35.610641,MFY,Semarang Tawang 992,429,13.51,False,"{""success"":false,""message"":""ThrottlerException: Too Many Requests"",""error"":{""code"":""TOO_MANY_REQUESTS""},""path"":""/api/v1/stations"",""timestamp"":""2026-08-11T09:06:35.614Z""}"
2026-08-11T16:06:35.611403,BGY,Lempuyangan 993,429,13.72,False,"{""success"":false,""message"":""ThrottlerException: Too Many Requests"",""error"":{""code"":""TOO_MANY_REQUESTS""},""path"":""/api/v1/stations"",""timestamp"":""2026-08-11T09:06:35.615Z""}"
2026-08-11T16:06:35.612066,SGF,Surabaya Pasar Turi 994,429,15.46,False,"{""success"":false,""message"":""ThrottlerException: Too Many Requests"",""error"":{""code"":""TOO_MANY_REQUESTS""},""path"":""/api/v1/stations"",""timestamp"":""2026-08-11T09:06:35.617Z""}"
2026-08-11T16:06:35.613554,AAZ,Cimahi 995,429,14.55,False,"{""success"":false,""message"":""ThrottlerException: Too Many Requests"",""error"":{""code"":""TOO_MANY_REQUESTS""},""path"":""/api/v1/stations"",""timestamp"":""2026-08-11T09:06:35.618Z""}"
2026-08-11T16:06:35.616427,JBR,Semarang Tawang 996,429,12.14,False,"{""success"":false,""message"":""ThrottlerException: Too Many Requests"",""error"":{""code"":""TOO_MANY_REQUESTS""},""path"":""/api/v1/stations"",""timestamp"":""2026-08-11T09:06:35.619Z""}"
2026-08-11T16:06:35.617136,DCR,Manado 997,429,12.08,False,"{""success"":false,""message"":""ThrottlerException: Too Many Requests"",""error"":{""code"":""TOO_MANY_REQUESTS""},""path"":""/api/v1/stations"",""timestamp"":""2026-08-11T09:06:35.621Z""}"
2026-08-11T16:06:35.617759,BGZ,Lempuyangan 998,429,11.87,False,"{""success"":false,""message"":""ThrottlerException: Too Many Requests"",""error"":{""code"":""TOO_MANY_REQUESTS""},""path"":""/api/v1/stations"",""timestamp"":""2026-08-11T09:06:35.622Z""}"
2026-08-11T16:06:35.621208,MFZ,Gambir 999,429,9.02,False,"{""success"":false,""message"":""ThrottlerException: Too Many Requests"",""error"":{""code"":""TOO_MANY_REQUESTS""},""path"":""/api/v1/stations"",""timestamp"":""2026-08-11T09:06:35.624Z""}"
2026-08-11T16:06:35.621955,BHA,Madiun 1000,429,8.71,False,"{""success"":false,""message"":""ThrottlerException: Too Many Requests"",""error"":{""code"":""TOO_MANY_REQUESTS""},""path"":""/api/v1/stations"",""timestamp"":""2026-08-11T09:06:35.625Z""}"
